ts,url,reason,items_detected,bytes_html,bytes_exhibits,sample_text
2025-11-27T15:51:01.247612+00:00,https://www.sec.gov/Archives/edgar/data/1533615/000110465925110921/tm2531010d1_8k.htm,non_actionable,,0,0,
2025-11-27T15:51:02.571048+00:00,https://www.sec.gov/Archives/edgar/data/1533615/000110465925048999/tm2515150d1_8k.htm,non_actionable,,0,0,
2025-11-27T15:51:06.682427+00:00,https://www.sec.gov/Archives/edgar/data/1790340/000179034025000077/imrx-20250617.htm,non_actionable,,0,0,
2025-11-27T15:51:06.918364+00:00,https://www.sec.gov/Archives/edgar/data/1790340/000179034025000063/imrx-20250613.htm,non_actionable,,0,0,
2025-11-27T15:51:07.738964+00:00,https://www.sec.gov/Archives/edgar/data/1749723/000174972325000145/nfe-20251114.htm,non_actionable,,0,0,
2025-11-27T15:51:08.505234+00:00,https://www.sec.gov/Archives/edgar/data/1790340/000179034025000012/imrx-20250107.htm,non_actionable,,0,0,
2025-11-27T15:51:09.586698+00:00,https://www.sec.gov/Archives/edgar/data/1749723/000174972325000112/nfe-20250814.htm,non_actionable,,0,0,
2025-11-27T15:51:09.709445+00:00,https://www.sec.gov/Archives/edgar/data/1749723/000174972325000085/nfe-20250618.htm,non_actionable,,0,0,
2025-11-27T15:51:10.529946+00:00,https://www.sec.gov/Archives/edgar/data/1749723/000174972325000057/nfe-20250512.htm,non_actionable,,0,0,
2025-11-27T15:51:11.165881+00:00,https://www.sec.gov/Archives/edgar/data/1749723/000174972325000022/nfe-20250303.htm,non_actionable,,0,0,
2025-11-27T15:51:12.135228+00:00,https://www.sec.gov/Archives/edgar/data/1749723/000174972325000009/nfe-20250131.htm,non_actionable,,0,0,
2025-11-27T15:51:12.588292+00:00,https://www.sec.gov/Archives/edgar/data/1749723/000174972325000002/nfe-20250102.htm,non_actionable,,0,0,
2025-11-27T15:51:12.896865+00:00,https://www.sec.gov/Archives/edgar/data/1749723/000174972324000118/nfe-20241114.htm,non_actionable,,0,0,
2025-11-27T15:51:13.133439+00:00,https://www.sec.gov/Archives/edgar/data/1749723/000174972324000122/nfe-20241121.htm,non_actionable,,0,0,
2025-11-27T15:51:13.382885+00:00,https://www.sec.gov/Archives/edgar/data/1749723/000174972324000111/nfe-20241106.htm,non_actionable,,0,0,
2025-11-27T15:51:13.508627+00:00,https://www.sec.gov/Archives/edgar/data/1749723/000174972324000105/nfe-20241105.htm,non_actionable,,0,0,
2025-11-27T15:51:16.177634+00:00,https://www.sec.gov/Archives/edgar/data/1737927/000110465925098884/tm2528659d1_8k.htm,non_actionable,,0,0,
2025-11-27T15:51:17.707243+00:00,https://www.sec.gov/Archives/edgar/data/1737927/000110465925019244/tm257897d2_8k.htm,non_actionable,,0,0,
2025-11-27T15:51:18.586201+00:00,https://www.sec.gov/Archives/edgar/data/1737927/000110465924127226/tm2430617d3_8k.htm,non_actionable,,0,0,
2025-11-27T15:51:24.642390+00:00,https://www.sec.gov/Archives/edgar/data/852772/000119312525262835/d40219d8k.htm,non_actionable,,0,0,
2025-11-27T15:51:25.520139+00:00,https://www.sec.gov/Archives/edgar/data/852772/000085277225000098/denn-20250725.htm,non_actionable,,0,0,
2025-11-27T15:51:26.550181+00:00,https://www.sec.gov/Archives/edgar/data/852772/000085277225000087/denn-20250514.htm,non_actionable,,0,0,
2025-11-27T15:51:26.857854+00:00,https://www.sec.gov/Archives/edgar/data/852772/000085277225000073/denn-20250303.htm,non_actionable,,0,0,
2025-11-27T15:51:27.299548+00:00,https://www.sec.gov/Archives/edgar/data/852772/000085277225000064/denn-20250218.htm,non_actionable,,0,0,
2025-11-27T15:51:28.957479+00:00,https://www.sec.gov/Archives/edgar/data/852772/000085277225000039/denn-20250203.htm,non_actionable,,0,0,
2025-11-27T15:51:30.352504+00:00,https://www.sec.gov/Archives/edgar/data/1709941/000095017025083746/bioa-20250605.htm,non_actionable,,0,0,
2025-11-27T15:51:30.979296+00:00,https://www.sec.gov/Archives/edgar/data/1709941/000095017025081409/bioa-20250604.htm,non_actionable,,0,0,
2025-11-27T15:51:32.860685+00:00,https://www.sec.gov/Archives/edgar/data/1168455/000143774925031112/plbc20251013c_8k.htm,non_actionable,,0,0,
2025-11-27T15:51:33.380180+00:00,https://www.sec.gov/Archives/edgar/data/1168455/000143774925027657/plbc20250825_8k.htm,non_actionable,,0,0,
2025-11-27T15:51:33.541295+00:00,https://www.sec.gov/Archives/edgar/data/1168455/000143774925027612/plbc20250822_8k.htm,non_actionable,,0,0,
2025-11-27T15:51:33.872324+00:00,https://www.sec.gov/Archives/edgar/data/1168455/000143774925023130/plbc20250721_8k.htm,non_actionable,,0,0,
2025-11-27T15:51:35.452567+00:00,https://www.sec.gov/Archives/edgar/data/1168455/000143774925022883/plbc20250716_8k.htm,non_actionable,,0,0,
2025-11-27T15:51:35.588207+00:00,https://www.sec.gov/Archives/edgar/data/1168455/000143774925023104/plbc20250721c_8k.htm,non_actionable,,0,0,
2025-11-27T15:51:36.675562+00:00,https://www.sec.gov/Archives/edgar/data/1168455/000143774925018129/plbc20250522_8k.htm,non_actionable,,0,0,
2025-11-27T15:51:37.458678+00:00,https://www.sec.gov/Archives/edgar/data/1168455/000143774925012231/plbc20250416_8k.htm,non_actionable,,0,0,
2025-11-27T15:51:38.692229+00:00,https://www.sec.gov/Archives/edgar/data/1168455/000143774925010373/plbc20250329_8k.htm,non_actionable,,0,0,
2025-11-27T15:51:39.067775+00:00,https://www.sec.gov/Archives/edgar/data/1168455/000143774925010372/plbc20250328_8k.htm,non_actionable,,0,0,
2025-11-27T15:51:39.201397+00:00,https://www.sec.gov/Archives/edgar/data/1168455/000143774925004564/plbc20250220_8k.htm,non_actionable,,0,0,
2025-11-27T15:51:40.122100+00:00,https://www.sec.gov/Archives/edgar/data/1168455/000143774925001243/plbc20250115_8k.htm,non_actionable,,0,0,
2025-11-27T15:51:40.660701+00:00,https://www.sec.gov/Archives/edgar/data/1168455/000143774924038049/plbc20241219c_8k.htm,non_actionable,,0,0,
2025-11-27T15:51:40.948858+00:00,https://www.sec.gov/Archives/edgar/data/1168455/000143774924037968/plbc20241219_8k.htm,non_actionable,,0,0,
2025-11-27T15:51:41.639120+00:00,https://www.sec.gov/Archives/edgar/data/1168455/000143774924035805/plbc20241120_8k.htm,non_actionable,,0,0,
2025-11-27T15:51:44.084970+00:00,https://www.sec.gov/Archives/edgar/data/1487428/000143774925026705/hrzn20250813_8k.htm,no_items,,0,0,
2025-11-27T15:51:45.202130+00:00,https://www.sec.gov/Archives/edgar/data/1487428/000143774925019567/hrzn20250604_8k.htm,non_actionable,,0,0,
2025-11-27T15:51:45.333777+00:00,https://www.sec.gov/Archives/edgar/data/1487428/000143774925018498/hrzn20250502_8k.htm,non_actionable,,0,0,
2025-11-27T15:51:45.801471+00:00,https://www.sec.gov/Archives/edgar/data/1487428/000143774925013336/hrzn20250425_8k.htm,non_actionable,,0,0,
2025-11-27T15:51:46.903173+00:00,https://www.sec.gov/Archives/edgar/data/1487428/000143774925004746/hrzn20250221_8k.htm,non_actionable,,0,0,
2025-11-27T15:51:49.292555+00:00,https://www.sec.gov/Archives/edgar/data/1782223/000095017025101618/pyxs-20250804.htm,non_actionable,,0,0,
2025-11-27T15:51:49.941657+00:00,https://www.sec.gov/Archives/edgar/data/1782223/000095017025093456/pyxs-20250701.htm,non_actionable,,0,0,
2025-11-27T15:51:50.062068+00:00,https://www.sec.gov/Archives/edgar/data/1782223/000095017025087907/pyxs-20250618.htm,non_actionable,,0,0,
2025-11-27T15:51:53.732861+00:00,https://www.sec.gov/Archives/edgar/data/1782223/000095017024116698/pyxs-20241023.htm,non_actionable,,0,0,
2025-11-27T15:51:55.079282+00:00,https://www.sec.gov/Archives/edgar/data/1314052/000173112225000935/e6684_8-k.htm,non_actionable,,0,0,
2025-11-27T15:51:55.101800+00:00,https://www.sec.gov/Archives/edgar/data/1314052/000173112225000878/e6659_8k.htm,non_actionable,,0,0,
2025-11-27T15:51:55.634334+00:00,https://www.sec.gov/Archives/edgar/data/1861795/000095017025097966/dh-20250720.htm,non_actionable,,0,0,
2025-11-27T15:51:55.887904+00:00,https://www.sec.gov/Archives/edgar/data/1861795/000095017025092187/dh-20250625.htm,non_actionable,,0,0,
2025-11-27T15:51:56.414686+00:00,https://www.sec.gov/Archives/edgar/data/1861795/000095017025083070/dh-20250605.htm,non_actionable,,0,0,
2025-11-27T15:52:02.924051+00:00,https://www.sec.gov/Archives/edgar/data/1861795/000095017025006199/dh-20250116.htm,non_actionable,,0,0,
2025-11-27T15:52:03.941877+00:00,https://www.sec.gov/Archives/edgar/data/1620459/000162045925000142/jrvr-20251107.htm,non_actionable,,0,0,
2025-11-27T15:52:05.666915+00:00,https://www.sec.gov/Archives/edgar/data/1620459/000162045925000123/jrvr-20251023.htm,non_actionable,,0,0,
2025-11-27T15:52:05.906830+00:00,https://www.sec.gov/Archives/edgar/data/1620459/000162045925000120/jrvr-20250826.htm,non_actionable,,0,0,
2025-11-27T15:52:06.388333+00:00,https://www.sec.gov/Archives/edgar/data/1620459/000162045925000117/jrvr-20250811.htm,non_actionable,,0,0,
2025-11-27T15:52:11.820294+00:00,https://www.sec.gov/Archives/edgar/data/1620459/000162045925000053/jrvr-20250303.htm,non_actionable,,0,0,
2025-11-27T15:52:12.308342+00:00,https://www.sec.gov/Archives/edgar/data/1620459/000162045925000003/jrvr-20250123.htm,non_actionable,,0,0,
2025-11-27T15:52:13.994959+00:00,https://www.sec.gov/Archives/edgar/data/1705873/000119312525275610/d88737d8k.htm,non_actionable,,0,0,
2025-11-27T15:52:14.261961+00:00,https://www.sec.gov/Archives/edgar/data/1620459/000162045924000111/jrvr-20241024.htm,non_actionable,,0,0,
2025-11-27T15:52:15.612023+00:00,https://www.sec.gov/Archives/edgar/data/1705873/000119312525204224/d948198d8k.htm,non_actionable,,0,0,
2025-11-27T15:52:17.159701+00:00,https://www.sec.gov/Archives/edgar/data/1705873/000170587325000048/bry-20250520.htm,non_actionable,,0,0,
2025-11-27T15:52:21.138215+00:00,https://www.sec.gov/Archives/edgar/data/1705873/000170587324000077/bry-20241209.htm,non_actionable,,0,0,
2025-11-27T15:52:22.577232+00:00,https://www.sec.gov/Archives/edgar/data/1705873/000170587324000073/bry-20241115.htm,non_actionable,,0,0,
2025-11-27T15:52:22.626703+00:00,https://www.sec.gov/Archives/edgar/data/1705873/000170587324000061/bry-20241023.htm,non_actionable,,0,0,
2025-11-27T15:52:24.426963+00:00,https://www.sec.gov/Archives/edgar/data/1023731/000102373125000070/eght-20250729.htm,non_actionable,,0,0,
2025-11-27T15:52:26.073542+00:00,https://www.sec.gov/Archives/edgar/data/1023731/000102373125000045/eght-20250602.htm,non_actionable,,0,0,
2025-11-27T15:52:26.156522+00:00,https://www.sec.gov/Archives/edgar/data/1023731/000102373125000061/eght-20250725.htm,non_actionable,,0,0,
2025-11-27T15:52:30.196931+00:00,https://www.sec.gov/Archives/edgar/data/918251/000114036125034598/ef20055449_8k.htm,non_actionable,,0,0,
2025-11-27T15:52:35.806776+00:00,https://www.sec.gov/Archives/edgar/data/1475115/000147511525000079/eb-20250603.htm,non_actionable,,0,0,
2025-11-27T15:52:35.835556+00:00,https://www.sec.gov/Archives/edgar/data/1475115/000147511525000085/eb-20250605.htm,non_actionable,,0,0,
2025-11-27T15:52:36.415970+00:00,https://www.sec.gov/Archives/edgar/data/1475115/000119312525077419/d941894d8k.htm,non_actionable,,0,0,
2025-11-27T15:52:36.473718+00:00,https://www.sec.gov/Archives/edgar/data/1475115/000147511525000067/eb-20250505.htm,non_actionable,,0,0,
2025-11-27T15:52:36.887955+00:00,https://www.sec.gov/Archives/edgar/data/1475115/000147511524000207/eb-20241202.htm,non_actionable,,0,0,
2025-11-27T15:52:38.432944+00:00,https://www.sec.gov/Archives/edgar/data/1837014/000119312525284662/smrt-20251112.htm,non_actionable,,0,0,
2025-11-27T15:52:40.829094+00:00,https://www.sec.gov/Archives/edgar/data/1837014/000095017025073959/smrt-20250513.htm,non_actionable,,0,0,
2025-11-27T15:52:45.139476+00:00,https://www.sec.gov/Archives/edgar/data/2032528/000110465925096645/tm2527764d1_8k.htm,non_actionable,,0,0,
2025-11-27T15:52:45.264186+00:00,https://www.sec.gov/Archives/edgar/data/2032528/000110465925032650/tm2511717d1_8k.htm,non_actionable,,0,0,
2025-11-27T15:52:47.556748+00:00,https://www.sec.gov/Archives/edgar/data/1720592/000119312525253914/rpay-20251027.htm,non_actionable,,0,0,
2025-11-27T15:52:48.913935+00:00,https://www.sec.gov/Archives/edgar/data/1720592/000095017025086343/rpay-20250612.htm,non_actionable,,0,0,
2025-11-27T15:52:50.673976+00:00,https://www.sec.gov/Archives/edgar/data/1720592/000095017025032145/rpay-20250226.htm,non_actionable,,0,0,
2025-11-27T15:52:55.158882+00:00,https://www.sec.gov/Archives/edgar/data/2028027/000121390025048331/ea0243694-8k_newbury2.htm,non_actionable,,0,0,
2025-11-27T15:53:03.665444+00:00,https://www.sec.gov/Archives/edgar/data/1615165/000119312525195046/d85076d8k.htm,non_actionable,,0,0,
2025-11-27T15:53:03.998435+00:00,https://www.sec.gov/Archives/edgar/data/1615165/000119312525141479/d30640d8k.htm,non_actionable,,0,0,
2025-11-27T15:53:04.163775+00:00,https://www.sec.gov/Archives/edgar/data/1615165/000119312525141437/d222929d8k.htm,non_actionable,,0,0,
2025-11-27T15:53:04.673713+00:00,https://www.sec.gov/Archives/edgar/data/1615165/000119312525092376/d829909d8k.htm,non_actionable,,0,0,
2025-11-27T15:53:04.915653+00:00,https://www.sec.gov/Archives/edgar/data/1615165/000119312525055708/d903615d8k.htm,non_actionable,,0,0,
2025-11-27T15:53:05.669935+00:00,https://www.sec.gov/Archives/edgar/data/1615165/000119312525025115/d919640d8k.htm,non_actionable,,0,0,
2025-11-27T15:53:07.983949+00:00,https://www.sec.gov/Archives/edgar/data/1590715/000147793225008556/arec_8k.htm,non_actionable,,0,0,
2025-11-27T15:53:12.352890+00:00,https://www.sec.gov/Archives/edgar/data/1590715/000165495425001102/arec_8k.htm,non_actionable,,0,0,
2025-11-27T15:53:12.475133+00:00,https://www.sec.gov/Archives/edgar/data/1590715/000165495424015269/arec_8k.htm,non_actionable,,0,0,
2025-11-27T15:53:13.227877+00:00,https://www.sec.gov/Archives/edgar/data/2025608/000164117225018812/form8-k.htm,non_actionable,,0,0,
2025-11-27T15:53:17.454215+00:00,https://www.sec.gov/Archives/edgar/data/72162/000007216225000030/nl-20250915x8k.htm,non_actionable,,0,0,
2025-11-27T15:53:17.827850+00:00,https://www.sec.gov/Archives/edgar/data/72162/000007216225000023/nl-20250717x8k.htm,non_actionable,,0,0,
2025-11-27T15:53:19.050058+00:00,https://www.sec.gov/Archives/edgar/data/72162/000007216225000003/nl-20250210x8k.htm,non_actionable,,0,0,
2025-11-27T15:53:19.239518+00:00,https://www.sec.gov/Archives/edgar/data/72162/000007216224000040/nl-20241219x8k.htm,non_actionable,,0,0,
2025-11-27T15:53:20.541699+00:00,https://www.sec.gov/Archives/edgar/data/765207/000076520725000057/fnlc-20251119.htm,non_actionable,,0,0,
2025-11-27T15:53:22.217865+00:00,https://www.sec.gov/Archives/edgar/data/765207/000076520725000031/fnlc-20250501.htm,non_actionable,,0,0,
2025-11-27T15:53:23.107545+00:00,https://www.sec.gov/Archives/edgar/data/765207/000076520725000013/fnlc-20250218.htm,non_actionable,,0,0,
2025-11-27T15:53:23.285449+00:00,https://www.sec.gov/Archives/edgar/data/765207/000076520725000011/fnlc-20250218.htm,non_actionable,,0,0,
2025-11-27T15:53:24.997980+00:00,https://www.sec.gov/Archives/edgar/data/765207/000076520725000003/fnlc-20250103.htm,non_actionable,,0,0,
2025-11-27T15:53:28.183632+00:00,https://www.sec.gov/Archives/edgar/data/1927958/000149315225018456/form8-k.htm,non_actionable,,0,0,
2025-11-27T15:53:31.220952+00:00,https://www.sec.gov/Archives/edgar/data/1788999/000095017025059301/xper-20250425.htm,non_actionable,,0,0,
2025-11-27T15:53:34.104255+00:00,https://www.sec.gov/Archives/edgar/data/1788999/000095017025008787/xper-20250121.htm,non_actionable,,0,0,
2025-11-27T15:53:40.215611+00:00,https://www.sec.gov/Archives/edgar/data/921114/000110465925059346/tm2517977d1_8k.htm,non_actionable,,0,0,
2025-11-27T15:53:40.869986+00:00,https://www.sec.gov/Archives/edgar/data/921114/000110465925031127/tm2511032d1_8k.htm,non_actionable,,0,0,
2025-11-27T15:53:42.000176+00:00,https://www.sec.gov/Archives/edgar/data/921114/000110465924125505/tm2430081d1_8k.htm,non_actionable,,0,0,
2025-11-27T15:53:44.072227+00:00,https://www.sec.gov/Archives/edgar/data/1495240/000119312525115956/d936240d8k.htm,non_actionable,,0,0,
2025-11-27T15:53:44.288946+00:00,https://www.sec.gov/Archives/edgar/data/1495240/000119312524270681/d777382d8k.htm,non_actionable,,0,0,
2025-11-27T15:53:47.319436+00:00,https://www.sec.gov/Archives/edgar/data/2031561/000110465925104853/tm2529654d1_8k.htm,non_actionable,,0,0,
2025-11-27T15:53:48.639471+00:00,https://www.sec.gov/Archives/edgar/data/1289945/000128994525000059/investorpresentation3q25.htm,no_items,,0,0,
2025-11-27T15:53:50.024756+00:00,https://www.sec.gov/Archives/edgar/data/1289945/000128994525000036/spok-20250722.htm,non_actionable,,0,0,
2025-11-27T15:53:56.724238+00:00,https://www.sec.gov/Archives/edgar/data/1066194/000106619425000014/egan-20250922x8k.htm,non_actionable,,0,0,
2025-11-27T15:53:57.903919+00:00,https://www.sec.gov/Archives/edgar/data/1066194/000155837024016389/egan-20241218x8k.htm,non_actionable,,0,0,
2025-11-27T15:53:58.187333+00:00,https://www.sec.gov/Archives/edgar/data/1066194/000155837024016179/egan-20241209x8k.htm,non_actionable,,0,0,
2025-11-27T15:54:00.697292+00:00,https://www.sec.gov/Archives/edgar/data/1288403/000110465925066428/tm2520115d1_8k.htm,non_actionable,,0,0,
2025-11-27T15:54:01.855398+00:00,https://www.sec.gov/Archives/edgar/data/1288403/000110465925056416/tm2517060d1_8k.htm,non_actionable,,0,0,
2025-11-27T15:54:07.259508+00:00,https://www.sec.gov/Archives/edgar/data/1288403/000110465925000389/tm2432175d1_8k.htm,non_actionable,,0,0,
2025-11-27T15:54:08.876035+00:00,https://www.sec.gov/Archives/edgar/data/1956955/000168316825007428/umac_8k.htm,non_actionable,,0,0,
2025-11-27T15:54:13.374911+00:00,https://www.sec.gov/Archives/edgar/data/1956955/000168316825004950/umac_8k.htm,non_actionable,,0,0,
2025-11-27T15:54:14.918851+00:00,https://www.sec.gov/Archives/edgar/data/1956955/000168316825003913/umac_8k.htm,non_actionable,,0,0,
2025-11-27T15:54:16.161111+00:00,https://www.sec.gov/Archives/edgar/data/1956955/000168316825000740/umac_8k.htm,non_actionable,,0,0,
2025-11-27T15:54:16.425236+00:00,https://www.sec.gov/Archives/edgar/data/1956955/000168316825000690/umac_8k.htm,non_actionable,,0,0,
2025-11-27T15:54:16.752200+00:00,https://www.sec.gov/Archives/edgar/data/1956955/000168316825000405/umac_8k.htm,non_actionable,,0,0,
2025-11-27T15:54:19.533801+00:00,https://www.sec.gov/Archives/edgar/data/1956955/000168316824007740/umac_8k.htm,non_actionable,,0,0,
2025-11-27T15:54:19.661919+00:00,https://www.sec.gov/Archives/edgar/data/1759631/000121390025046438/ea0242987-8k_hyliion.htm,non_actionable,,0,0,
2025-11-27T15:54:21.554185+00:00,https://www.sec.gov/Archives/edgar/data/1530979/000153097925000056/hnst-20250528.htm,non_actionable,,0,0,
2025-11-27T15:54:23.183981+00:00,https://www.sec.gov/Archives/edgar/data/1530979/000153097925000024/hnst-20250306.htm,non_actionable,,0,0,
2025-11-27T15:54:24.901171+00:00,https://www.sec.gov/Archives/edgar/data/1841387/000095017025110682/cadl-20250818.htm,non_actionable,,0,0,
2025-11-27T15:54:25.861809+00:00,https://www.sec.gov/Archives/edgar/data/1841387/000095017025087696/cadl-20250617.htm,non_actionable,,0,0,
2025-11-27T15:54:30.430484+00:00,https://www.sec.gov/Archives/edgar/data/1145986/000119312525201332/aspn-20250905.htm,non_actionable,,0,0,
2025-11-27T15:54:31.508099+00:00,https://www.sec.gov/Archives/edgar/data/1145986/000095017025061852/aspn-20250430.htm,non_actionable,,0,0,
2025-11-27T15:54:31.515376+00:00,https://www.sec.gov/Archives/edgar/data/1145986/000095017025035506/aspn-20250304.htm,non_actionable,,0,0,
2025-11-27T15:54:31.664799+00:00,https://www.sec.gov/Archives/edgar/data/1145986/000095017025034656/aspn-20250304.htm,non_actionable,,0,0,
2025-11-27T15:54:32.842853+00:00,https://www.sec.gov/Archives/edgar/data/910638/000091063825000024/ddd-20250820.htm,non_actionable,,0,0,
2025-11-27T15:54:33.373120+00:00,https://www.sec.gov/Archives/edgar/data/1145986/000095017024128314/aspn-20241114.htm,non_actionable,,0,0,
2025-11-27T15:54:33.449391+00:00,https://www.sec.gov/Archives/edgar/data/910638/000119312525194137/d59243d8ka.htm,non_actionable,,0,0,
2025-11-27T15:54:33.665683+00:00,https://www.sec.gov/Archives/edgar/data/910638/000119312525182764/d18577d8k.htm,non_actionable,,0,0,
2025-11-27T15:54:34.096739+00:00,https://www.sec.gov/Archives/edgar/data/910638/000119312525123216/d98110d8k.htm,non_actionable,,0,0,
2025-11-27T15:54:40.178964+00:00,https://www.sec.gov/Archives/edgar/data/1826681/000095017025093902/pdyn-20250702.htm,non_actionable,,0,0,
2025-11-27T15:54:41.181640+00:00,https://www.sec.gov/Archives/edgar/data/1826681/000095017025085118/pdyn-20250611.htm,non_actionable,,0,0,
2025-11-27T15:54:41.727397+00:00,https://www.sec.gov/Archives/edgar/data/1826681/000095017025047756/pdyn-20250331.htm,non_actionable,,0,0,
2025-11-27T15:54:42.341791+00:00,https://www.sec.gov/Archives/edgar/data/1826681/000095017024140797/pdyn-20241226.htm,non_actionable,,0,0,
2025-11-27T15:54:43.560573+00:00,https://www.sec.gov/Archives/edgar/data/913341/000091334125000045/cffi-20250415x8ka.htm,non_actionable,,0,0,
2025-11-27T15:54:45.567528+00:00,https://www.sec.gov/Archives/edgar/data/913341/000091334125000024/cffi-20250415x8k.htm,non_actionable,,0,0,
2025-11-27T15:54:47.061410+00:00,https://www.sec.gov/Archives/edgar/data/913341/000091334124000057/cffi-20241217x8k.htm,non_actionable,,0,0,
2025-11-27T15:54:47.680691+00:00,https://www.sec.gov/Archives/edgar/data/913341/000091334124000052/cffi-20241204x8k.htm,non_actionable,,0,0,
2025-11-27T15:54:49.893497+00:00,https://www.sec.gov/Archives/edgar/data/1390478/000110465925096643/tm2527877d1_8k.htm,non_actionable,,0,0,
2025-11-27T15:54:50.641484+00:00,https://www.sec.gov/Archives/edgar/data/1390478/000110465925060704/tm2518346d1_8k.htm,non_actionable,,0,0,
2025-11-27T15:54:50.957015+00:00,https://www.sec.gov/Archives/edgar/data/1390478/000110465925057308/tm2517225d1_8k.htm,non_actionable,,0,0,
2025-11-27T15:54:52.691931+00:00,https://www.sec.gov/Archives/edgar/data/1390478/000110465925004107/tm253479d1_8k.htm,non_actionable,,0,0,
2025-11-27T15:54:54.539888+00:00,https://www.sec.gov/Archives/edgar/data/1595097/000119312525258692/crbp-20251030.htm,non_actionable,,0,0,
2025-11-27T15:54:55.339678+00:00,https://www.sec.gov/Archives/edgar/data/1595097/000095017025073967/crbp-20250515.htm,non_actionable,,0,0,
2025-11-27T15:54:56.093919+00:00,https://www.sec.gov/Archives/edgar/data/1595097/000095017025043276/crbp-20250320.htm,non_actionable,,0,0,
2025-11-27T15:54:56.914083+00:00,https://www.sec.gov/Archives/edgar/data/1595097/000095017025041254/crbp-20250313.htm,non_actionable,,0,0,
2025-11-27T15:54:59.003248+00:00,https://www.sec.gov/Archives/edgar/data/1595097/000095017024127644/crbp-20241115.htm,non_actionable,,0,0,
2025-11-27T15:55:02.122119+00:00,https://www.sec.gov/Archives/edgar/data/894871/000164117225019559/form8-k.htm,non_actionable,,0,0,
2025-11-27T15:55:03.557742+00:00,https://www.sec.gov/Archives/edgar/data/894871/000149315225009570/form8-k.htm,non_actionable,,0,0,
2025-11-27T15:55:03.728063+00:00,https://www.sec.gov/Archives/edgar/data/894871/000149315225007581/form8-k.htm,non_actionable,,0,0,
2025-11-27T15:55:04.267950+00:00,https://www.sec.gov/Archives/edgar/data/894871/000149315225002793/form8-k.htm,non_actionable,,0,0,
2025-11-27T15:55:04.445749+00:00,https://www.sec.gov/Archives/edgar/data/894871/000149315224050209/form8-k.htm,non_actionable,,0,0,
2025-11-27T15:55:04.700040+00:00,https://www.sec.gov/Archives/edgar/data/1009829/000118518525001594/jakk8k102925.htm,non_actionable,,0,0,
2025-11-27T15:55:05.014200+00:00,https://www.sec.gov/Archives/edgar/data/1009829/000118518525000849/jakk8k072325.htm,non_actionable,,0,0,
2025-11-27T15:55:05.306969+00:00,https://www.sec.gov/Archives/edgar/data/1009829/000118518525000674/jakk8k062025.htm,non_actionable,,0,0,
2025-11-27T15:55:05.493655+00:00,https://www.sec.gov/Archives/edgar/data/1009829/000118518525000364/jakk8k042825.htm,non_actionable,,0,0,
2025-11-27T15:55:05.691407+00:00,https://www.sec.gov/Archives/edgar/data/1009829/000118518524001200/jakkspacif20241211_8k.htm,non_actionable,,0,0,
2025-11-27T15:55:09.546413+00:00,https://www.sec.gov/Archives/edgar/data/1120970/000143774925018373/lode20250515c_8k.htm,non_actionable,,0,0,
2025-11-27T15:55:10.644870+00:00,https://www.sec.gov/Archives/edgar/data/1120970/000143774925007109/lode20250311_8k.htm,non_actionable,,0,0,
2025-11-27T15:55:14.273052+00:00,https://www.sec.gov/Archives/edgar/data/1120970/000143774924038541/lode20241230c_8k.htm,non_actionable,,0,0,
2025-11-27T15:55:15.491534+00:00,https://www.sec.gov/Archives/edgar/data/1319947/000131994725000058/dbi-20251120.htm,non_actionable,,0,0,
2025-11-27T15:55:15.797480+00:00,https://www.sec.gov/Archives/edgar/data/1319947/000131994725000051/dbi-20250918.htm,non_actionable,,0,0,
2025-11-27T15:55:16.854148+00:00,https://www.sec.gov/Archives/edgar/data/1319947/000131994725000039/dbi-20250618.htm,non_actionable,,0,0,
2025-11-27T15:55:16.980628+00:00,https://www.sec.gov/Archives/edgar/data/1319947/000131994725000024/dbi-20250515.htm,non_actionable,,0,0,
2025-11-27T15:55:17.882865+00:00,https://www.sec.gov/Archives/edgar/data/1319947/000131994725000002/dbi-20250313.htm,non_actionable,,0,0,
2025-11-27T15:55:18.671108+00:00,https://www.sec.gov/Archives/edgar/data/1319947/000131994724000050/dbi-20241121.htm,non_actionable,,0,0,
2025-11-27T15:55:20.795164+00:00,https://www.sec.gov/Archives/edgar/data/1619856/000161985625000052/crbu-20250618.htm,non_actionable,,0,0,
2025-11-27T15:55:20.960206+00:00,https://www.sec.gov/Archives/edgar/data/1619856/000161985625000047/crbu-20250612.htm,non_actionable,,0,0,
2025-11-27T15:55:27.652414+00:00,https://www.sec.gov/Archives/edgar/data/1805521/000121390025035000/ea0239459-8k_faraday.htm,non_actionable,,0,0,
2025-11-27T15:55:32.878524+00:00,https://www.sec.gov/Archives/edgar/data/1429764/000149315225020760/form8-k.htm,non_actionable,,0,0,
2025-11-27T15:55:34.522702+00:00,https://www.sec.gov/Archives/edgar/data/1429764/000164117225017156/form8-k.htm,non_actionable,,0,0,
2025-11-27T15:55:34.614237+00:00,https://www.sec.gov/Archives/edgar/data/1429764/000164117225013660/form8-k.htm,non_actionable,,0,0,
2025-11-27T15:55:34.811915+00:00,https://www.sec.gov/Archives/edgar/data/1429764/000164117225012105/form8-k.htm,non_actionable,,0,0,
2025-11-27T15:55:35.642218+00:00,https://www.sec.gov/Archives/edgar/data/1429764/000164117225009987/form8-k.htm,non_actionable,,0,0,
2025-11-27T15:55:35.845380+00:00,https://www.sec.gov/Archives/edgar/data/1429764/000164117225006670/form8-k.htm,non_actionable,,0,0,
2025-11-27T15:55:36.417935+00:00,https://www.sec.gov/Archives/edgar/data/1429764/000164117225003426/form8-k.htm,non_actionable,,0,0,
2025-11-27T15:55:37.040058+00:00,https://www.sec.gov/Archives/edgar/data/1429764/000149315225004007/form8-k.htm,non_actionable,,0,0,
2025-11-27T15:55:37.128195+00:00,https://www.sec.gov/Archives/edgar/data/1429764/000149315224050635/form8-k.htm,non_actionable,,0,0,
2025-11-27T15:55:40.094174+00:00,https://www.sec.gov/Archives/edgar/data/1775194/000147793225006575/upxi_8k.htm,non_actionable,,0,0,
2025-11-27T15:55:40.463424+00:00,https://www.sec.gov/Archives/edgar/data/1775194/000147793225006316/upxi_8k.htm,non_actionable,,0,0,
2025-11-27T15:55:41.912978+00:00,https://www.sec.gov/Archives/edgar/data/1775194/000147793225004692/upxi_8k.htm,non_actionable,,0,0,
2025-11-27T15:55:44.464323+00:00,https://www.sec.gov/Archives/edgar/data/1775194/000147793225002989/upxi_8k.htm,non_actionable,,0,0,
2025-11-27T15:55:44.648572+00:00,https://www.sec.gov/Archives/edgar/data/1775194/000147793225001476/upxi_8k.htm,non_actionable,,0,0,
2025-11-27T15:55:47.131802+00:00,https://www.sec.gov/Archives/edgar/data/1006281/000155837025009989/plx-20250801x8k.htm,non_actionable,,0,0,
2025-11-27T15:55:47.776328+00:00,https://www.sec.gov/Archives/edgar/data/1006281/000155837025008922/plx-20250626x8k.htm,non_actionable,,0,0,
2025-11-27T15:55:47.948274+00:00,https://www.sec.gov/Archives/edgar/data/1006281/000155837025003143/plx-20250317x8k.htm,non_actionable,,0,0,
2025-11-27T15:55:48.077279+00:00,https://www.sec.gov/Archives/edgar/data/1006281/000155837025005275/plx-20250421x8k.htm,non_actionable,,0,0,
2025-11-27T15:55:48.958852+00:00,https://www.sec.gov/Archives/edgar/data/1006281/000155837024016505/plx-20241227x8k.htm,non_actionable,,0,0,
2025-11-27T15:55:49.195457+00:00,https://www.sec.gov/Archives/edgar/data/2043508/000147793225007838/lake_8k.htm,non_actionable,,0,0,
2025-11-27T15:55:50.944057+00:00,https://www.sec.gov/Archives/edgar/data/1488917/000143774925035598/elmd20251107_8k.htm,non_actionable,,0,0,
2025-11-27T15:55:53.378520+00:00,https://www.sec.gov/Archives/edgar/data/1488917/000089710124000581/elmd241201_8k.htm,non_actionable,,0,0,
2025-11-27T15:55:54.459129+00:00,https://www.sec.gov/Archives/edgar/data/1596961/000162828025045452/rmbl-20251014.htm,non_actionable,,0,0,
2025-11-27T15:55:55.058704+00:00,https://www.sec.gov/Archives/edgar/data/1596961/000121390025027593/ea0236734-8k_rumbleon.htm,non_actionable,,0,0,
2025-11-27T15:55:55.316416+00:00,https://www.sec.gov/Archives/edgar/data/1596961/000159696125000045/rmbl-20250604.htm,non_actionable,,0,0,
2025-11-27T15:55:55.461979+00:00,https://www.sec.gov/Archives/edgar/data/1596961/000159696125000028/rmbl-20250317.htm,non_actionable,,0,0,
2025-11-27T15:55:57.849281+00:00,https://www.sec.gov/Archives/edgar/data/1596961/000159696124000117/rmbl-20241206.htm,non_actionable,,0,0,
2025-11-27T15:55:58.966864+00:00,https://www.sec.gov/Archives/edgar/data/3545/000000354525000133/alco-20251027.htm,non_actionable,,0,0,
2025-11-27T15:56:00.331448+00:00,https://www.sec.gov/Archives/edgar/data/3545/000000354525000128/alco-20250929.htm,non_actionable,,0,0,
2025-11-27T15:56:01.138181+00:00,https://www.sec.gov/Archives/edgar/data/3545/000000354525000125/alco-20250912.htm,non_actionable,,0,0,
2025-11-27T15:56:01.530001+00:00,https://www.sec.gov/Archives/edgar/data/3545/000000354525000097/alco-20250714.htm,non_actionable,,0,0,
2025-11-27T15:56:01.862963+00:00,https://www.sec.gov/Archives/edgar/data/3545/000000354525000083/alco-20250613.htm,non_actionable,,0,0,
2025-11-27T15:56:03.392078+00:00,https://www.sec.gov/Archives/edgar/data/3545/000000354525000062/alco-20250402.htm,non_actionable,,0,0,
2025-11-27T15:56:04.075349+00:00,https://www.sec.gov/Archives/edgar/data/3545/000000354525000038/alco-20250314.htm,non_actionable,,0,0,
2025-11-27T15:56:04.140556+00:00,https://www.sec.gov/Archives/edgar/data/3545/000000354525000045/alco-20250331.htm,non_actionable,,0,0,
2025-11-27T15:56:04.391161+00:00,https://www.sec.gov/Archives/edgar/data/3545/000000354525000035/alco-20250228.htm,non_actionable,,0,0,
2025-11-27T15:56:04.905302+00:00,https://www.sec.gov/Archives/edgar/data/3545/000000354524000138/alco-20241223.htm,non_actionable,,0,0,
2025-11-27T15:56:05.165200+00:00,https://www.sec.gov/Archives/edgar/data/3545/000000354524000131/alco-20241213.htm,non_actionable,,0,0,
2025-11-27T15:56:06.005087+00:00,https://www.sec.gov/Archives/edgar/data/1259429/000121390025079371/ea0254138-01_8k.htm,non_actionable,,0,0,
2025-11-27T15:56:06.099391+00:00,https://www.sec.gov/Archives/edgar/data/3545/000000354524000122/alco-20241121.htm,non_actionable,,0,0,
2025-11-27T15:56:06.405306+00:00,https://www.sec.gov/Archives/edgar/data/1259429/000121390025078975/ea0253966-02_8k.htm,non_actionable,,0,0,
2025-11-27T15:56:07.139686+00:00,https://www.sec.gov/Archives/edgar/data/1259429/000121390025055645/ea0245958-01_8k.htm,non_actionable,,0,0,
2025-11-27T15:56:07.560442+00:00,https://www.sec.gov/Archives/edgar/data/1259429/000121390025043381/ea0242159-01_8k.htm,non_actionable,,0,0,
2025-11-27T15:56:08.180005+00:00,https://www.sec.gov/Archives/edgar/data/2012807/000182912625009218/rfacquisition2_8k.htm,non_actionable,,0,0,
2025-11-27T15:56:08.765028+00:00,https://www.sec.gov/Archives/edgar/data/2012807/000182912625003872/rfacquisition2_8k.htm,non_actionable,,0,0,
2025-11-27T15:56:09.240031+00:00,https://www.sec.gov/Archives/edgar/data/2012807/000182912625003466/rfacq2_8k.htm,non_actionable,,0,0,
2025-11-27T15:56:10.027126+00:00,https://www.sec.gov/Archives/edgar/data/1337298/000143774925034252/ff20251111_8k.htm,non_actionable,,0,0,
2025-11-27T15:56:13.485086+00:00,https://www.sec.gov/Archives/edgar/data/1337298/000143774925006088/ff20250304_8k.htm,non_actionable,,0,0,
2025-11-27T15:56:13.671065+00:00,https://www.sec.gov/Archives/edgar/data/1337298/000143774925005706/ff20250228c_8k.htm,non_actionable,,0,0,
2025-11-27T15:56:18.217936+00:00,https://www.sec.gov/Archives/edgar/data/1819404/000181940425000036/nrdy-20250429.htm,non_actionable,,0,0,
2025-11-27T15:56:24.864099+00:00,https://www.sec.gov/Archives/edgar/data/1442836/000110465925087800/tm2525355d1_8k.htm,non_actionable,,0,0,
2025-11-27T15:56:25.188721+00:00,https://www.sec.gov/Archives/edgar/data/1442836/000110465925070245/tm2521489d1_8k.htm,non_actionable,,0,0,
2025-11-27T15:56:25.370668+00:00,https://www.sec.gov/Archives/edgar/data/1442836/000110465925065785/tm2519837d1_8k.htm,non_actionable,,0,0,
2025-11-27T15:56:25.431137+00:00,https://www.sec.gov/Archives/edgar/data/1442836/000110465925059380/tm2517941d1_8k.htm,non_actionable,,0,0,
2025-11-27T15:56:26.154267+00:00,https://www.sec.gov/Archives/edgar/data/1442836/000110465925019146/tm257819d1_8k.htm,non_actionable,,0,0,
2025-11-27T15:56:26.707570+00:00,https://www.sec.gov/Archives/edgar/data/1442836/000110465925009388/tm255482d1_8k.htm,non_actionable,,0,0,
2025-11-27T15:56:26.835213+00:00,https://www.sec.gov/Archives/edgar/data/1442836/000110465925002531/tm252945d1_8k.htm,non_actionable,,0,0,
2025-11-27T15:56:28.960252+00:00,https://www.sec.gov/Archives/edgar/data/318306/000164117225011452/form8-k.htm,non_actionable,,0,0,
2025-11-27T15:56:30.238490+00:00,https://www.sec.gov/Archives/edgar/data/318306/000149315224051060/form8-k.htm,non_actionable,,0,0,
2025-11-27T15:56:33.387863+00:00,https://www.sec.gov/Archives/edgar/data/2028699/000121390025011067/ea0230279-8k_dynamix.htm,non_actionable,,0,0,
2025-11-27T15:56:34.942193+00:00,https://www.sec.gov/Archives/edgar/data/1794783/000179478325000112/slqt-20251111.htm,non_actionable,,0,0,
2025-11-27T15:56:36.420817+00:00,https://www.sec.gov/Archives/edgar/data/1794783/000179478325000050/slqt-20250725.htm,non_actionable,,0,0,
2025-11-27T15:56:38.665402+00:00,https://www.sec.gov/Archives/edgar/data/1794783/000179478324000114/slqt-20241112.htm,non_actionable,,0,0,
2025-11-27T15:56:41.601324+00:00,https://www.sec.gov/Archives/edgar/data/1408443/000110465925058874/tm2517690d1_8k.htm,non_actionable,,0,0,
2025-11-27T15:56:41.952220+00:00,https://www.sec.gov/Archives/edgar/data/1408443/000110465925025547/tm259776d1_8k.htm,non_actionable,,0,0,
2025-11-27T15:56:43.250036+00:00,https://www.sec.gov/Archives/edgar/data/2052547/000110465925056513/tm2517150d1_8k.htm,non_actionable,,0,0,
2025-11-27T15:56:43.783190+00:00,https://www.sec.gov/Archives/edgar/data/1084869/000143774925032896/flws20251103_8k.htm,non_actionable,,0,0,
2025-11-27T15:56:44.396270+00:00,https://www.sec.gov/Archives/edgar/data/1084869/000143774925013070/flws20250425_8k.htm,non_actionable,,0,0,
2025-11-27T15:56:45.339406+00:00,https://www.sec.gov/Archives/edgar/data/1084869/000143774924037292/flws20241211_8k.htm,non_actionable,,0,0,
2025-11-27T15:56:48.173454+00:00,https://www.sec.gov/Archives/edgar/data/1807046/000149315225016912/form8-k.htm,non_actionable,,0,0,
2025-11-27T15:56:49.097313+00:00,https://www.sec.gov/Archives/edgar/data/1807046/000149315225013700/form8-k.htm,non_actionable,,0,0,
2025-11-27T15:56:50.024663+00:00,https://www.sec.gov/Archives/edgar/data/1807046/000164117225017157/form8-k.htm,non_actionable,,0,0,
2025-11-27T15:56:50.079790+00:00,https://www.sec.gov/Archives/edgar/data/1807046/000164117225005258/form8-k.htm,non_actionable,,0,0,
2025-11-27T15:56:50.900191+00:00,https://www.sec.gov/Archives/edgar/data/2044635/000121390025067066/ea0250035-8k_gesher2.htm,non_actionable,,0,0,
2025-11-27T15:56:52.014826+00:00,https://www.sec.gov/Archives/edgar/data/1870940/000110465925106710/tm2530294d1_8k.htm,non_actionable,,0,0,
2025-11-27T15:56:52.272962+00:00,https://www.sec.gov/Archives/edgar/data/1870940/000187094025000029/airs-20250801.htm,non_actionable,,0,0,
2025-11-27T15:56:53.517073+00:00,https://www.sec.gov/Archives/edgar/data/1870940/000187094025000023/airs-20250507.htm,non_actionable,,0,0,
2025-11-27T15:56:53.633628+00:00,https://www.sec.gov/Archives/edgar/data/1870940/000110465924131710/tm2431999d1_8k.htm,non_actionable,,0,0,
2025-11-27T15:56:55.875805+00:00,https://www.sec.gov/Archives/edgar/data/1555279/000110465925059365/tm2517904d1_8k.htm,non_actionable,,0,0,
2025-11-27T15:56:57.395282+00:00,https://www.sec.gov/Archives/edgar/data/1537435/000153743525000134/tgen-20250902.htm,non_actionable,,0,0,
2025-11-27T15:56:58.562563+00:00,https://www.sec.gov/Archives/edgar/data/1537435/000153743525000056/tgen-20250610.htm,non_actionable,,0,0,
2025-11-27T15:56:58.985191+00:00,https://www.sec.gov/Archives/edgar/data/1537435/000153743525000024/tgen-20250501.htm,non_actionable,,0,0,
2025-11-27T15:56:59.736983+00:00,https://www.sec.gov/Archives/edgar/data/1537435/000153743525000014/tgen-20250214.htm,non_actionable,,0,0,
2025-11-27T15:57:00.661820+00:00,https://www.sec.gov/Archives/edgar/data/1126741/000110465925101048/tm2529170d2_8k.htm,non_actionable,,0,0,
2025-11-27T15:57:00.736790+00:00,https://www.sec.gov/Archives/edgar/data/1537435/000153743525000003/tgen-20250114.htm,non_actionable,,0,0,
2025-11-27T15:57:01.077715+00:00,https://www.sec.gov/Archives/edgar/data/1126741/000110465925055957/tm2516984d1_8k.htm,non_actionable,,0,0,
2025-11-27T15:57:01.145680+00:00,https://www.sec.gov/Archives/edgar/data/1126741/000110465925081942/tm2524195d1_8k.htm,non_actionable,,0,0,
2025-11-27T15:57:02.206952+00:00,https://www.sec.gov/Archives/edgar/data/1126741/000110465925054233/tm2516410d1_8k.htm,non_actionable,,0,0,
2025-11-27T15:57:02.706848+00:00,https://www.sec.gov/Archives/edgar/data/1126741/000110465924112237/tm2426991d1_8k.htm,non_actionable,,0,0,
2025-11-27T15:57:03.553895+00:00,https://www.sec.gov/Archives/edgar/data/1500435/000162828025045227/gpro-20251010.htm,non_actionable,,0,0,
2025-11-27T15:57:04.079730+00:00,https://www.sec.gov/Archives/edgar/data/1500435/000150043525000050/gpro-20250805.htm,non_actionable,,0,0,
2025-11-27T15:57:05.203653+00:00,https://www.sec.gov/Archives/edgar/data/1500435/000150043525000043/gpro-20250424.htm,non_actionable,,0,0,
2025-11-27T15:57:05.594178+00:00,https://www.sec.gov/Archives/edgar/data/1500435/000162828025029507/gpro-20250603.htm,non_actionable,,0,0,
2025-11-27T15:57:06.293283+00:00,https://www.sec.gov/Archives/edgar/data/1500435/000150043525000010/gpro-20250325.htm,non_actionable,,0,0,
2025-11-27T15:57:06.370645+00:00,https://www.sec.gov/Archives/edgar/data/1500435/000150043525000008/gpro-20250319.htm,non_actionable,,0,0,
2025-11-27T15:57:08.711817+00:00,https://www.sec.gov/Archives/edgar/data/1572334/000095017025098868/vabk-20250725.htm,non_actionable,,0,0,
2025-11-27T15:57:18.645686+00:00,https://www.sec.gov/Archives/edgar/data/1137547/000113754725000083/ubfo-20250604.htm,non_actionable,,0,0,
2025-11-27T15:57:18.900875+00:00,https://www.sec.gov/Archives/edgar/data/1137547/000113754725000081/ubfo-20250521.htm,no_items,,0,0,
2025-11-27T15:57:18.986567+00:00,https://www.sec.gov/Archives/edgar/data/1137547/000113754725000079/ubfo-20250530.htm,non_actionable,,0,0,
2025-11-27T15:57:19.114591+00:00,https://www.sec.gov/Archives/edgar/data/1137547/000113754725000075/ubfo-20250521.htm,non_actionable,,0,0,
2025-11-27T15:57:19.191367+00:00,https://www.sec.gov/Archives/edgar/data/1137547/000113754725000072/ubfo-20250509.htm,non_actionable,,0,0,
2025-11-27T15:57:23.015207+00:00,https://www.sec.gov/Archives/edgar/data/763907/000110465925046558/tm2514551d1_8k.htm,non_actionable,,0,0,
2025-11-27T15:57:24.290865+00:00,https://www.sec.gov/Archives/edgar/data/763907/000110465925029410/tm2510684d1_8k.htm,non_actionable,,0,0,
2025-11-27T15:57:27.398166+00:00,https://www.sec.gov/Archives/edgar/data/763907/000110465925019804/tm258084d1_8k.htm,non_actionable,,0,0,
2025-11-27T15:57:28.740385+00:00,https://www.sec.gov/Archives/edgar/data/763907/000110465924121023/tm2429031d1_8k.htm,non_actionable,,0,0,
2025-11-27T15:57:29.035481+00:00,https://www.sec.gov/Archives/edgar/data/2064307/000090266425003415/p25-1768form8ka.htm,non_actionable,,0,0,
2025-11-27T15:57:36.493723+00:00,https://www.sec.gov/Archives/edgar/data/783324/000078332425000051/vgz-20250911x8k.htm,non_actionable,,0,0,
2025-11-27T15:57:36.719286+00:00,https://www.sec.gov/Archives/edgar/data/949858/000119312525233581/achv-20251006.htm,non_actionable,,0,0,
2025-11-27T15:57:37.028935+00:00,https://www.sec.gov/Archives/edgar/data/949858/000119312525201418/achv-20250905.htm,non_actionable,,0,0,
2025-11-27T15:57:38.214105+00:00,https://www.sec.gov/Archives/edgar/data/949858/000095017025083214/achv-20250604.htm,non_actionable,,0,0,
2025-11-27T15:57:38.899545+00:00,https://www.sec.gov/Archives/edgar/data/949858/000095017025003873/achv-20250106.htm,non_actionable,,0,0,
2025-11-27T15:57:39.442813+00:00,https://www.sec.gov/Archives/edgar/data/949858/000095017024134558/achv-20241205.htm,non_actionable,,0,0,
2025-11-27T15:57:41.404892+00:00,https://www.sec.gov/Archives/edgar/data/1560672/000156067225000061/earn-20250529.htm,non_actionable,,0,0,
2025-11-27T15:57:44.577086+00:00,https://www.sec.gov/Archives/edgar/data/1560672/000156067224000150/earn-20241204.htm,non_actionable,,0,0,
2025-11-27T15:57:45.658818+00:00,https://www.sec.gov/Archives/edgar/data/1463972/000110465925084073/tm2524521d1_8k.htm,non_actionable,,0,0,
2025-11-27T15:57:45.849940+00:00,https://www.sec.gov/Archives/edgar/data/1463972/000110465925074709/tm2522699d1_8k.htm,non_actionable,,0,0,
2025-11-27T15:57:45.961337+00:00,https://www.sec.gov/Archives/edgar/data/1463972/000110465925061008/tm2518395d1_8k.htm,non_actionable,,0,0,
2025-11-27T15:57:46.512569+00:00,https://www.sec.gov/Archives/edgar/data/1463972/000110465925088065/tm2525426d1_8k.htm,non_actionable,,0,0,
2025-11-27T15:57:48.188020+00:00,https://www.sec.gov/Archives/edgar/data/1463972/000110465925022578/tm258889d1_8k.htm,non_actionable,,0,0,
2025-11-27T15:57:48.326813+00:00,https://www.sec.gov/Archives/edgar/data/1463972/000110465925002056/tm252240d1_8k.htm,non_actionable,,0,0,
2025-11-27T15:57:49.466424+00:00,https://www.sec.gov/Archives/edgar/data/1926599/000110465925078644/tm2523311d1_8k.htm,non_actionable,,0,0,
2025-11-27T15:57:51.160461+00:00,https://www.sec.gov/Archives/edgar/data/723646/000072364625000073/fraf-20251017x8k.htm,non_actionable,,0,0,
2025-11-27T15:57:51.384955+00:00,https://www.sec.gov/Archives/edgar/data/723646/000072364625000070/fraf-20250915x8k.htm,non_actionable,,0,0,
2025-11-27T15:57:51.866396+00:00,https://www.sec.gov/Archives/edgar/data/723646/000072364625000065/fraf-20250825x8k.htm,non_actionable,,0,0,
2025-11-27T15:57:54.815221+00:00,https://www.sec.gov/Archives/edgar/data/723646/000072364625000037/fraf-20250502x8k.htm,non_actionable,,0,0,
2025-11-27T15:57:55.752781+00:00,https://www.sec.gov/Archives/edgar/data/723646/000072364625000026/fraf-20250414x8k.htm,non_actionable,,0,0,
2025-11-27T15:57:57.343453+00:00,https://www.sec.gov/Archives/edgar/data/723646/000072364625000008/fraf-20250121x8k.htm,non_actionable,,0,0,
2025-11-27T15:57:57.984023+00:00,https://www.sec.gov/Archives/edgar/data/723646/000072364624000077/fraf-20241223x8k.htm,non_actionable,,0,0,
2025-11-27T15:57:58.951738+00:00,https://www.sec.gov/Archives/edgar/data/723646/000072364624000066/fraf-20241104x8k.htm,non_actionable,,0,0,
2025-11-27T15:58:01.345766+00:00,https://www.sec.gov/Archives/edgar/data/1512762/000155837025011911/chrs-20250905x8k.htm,non_actionable,,0,0,
2025-11-27T15:58:02.457066+00:00,https://www.sec.gov/Archives/edgar/data/1512762/000155837025009085/chrs-20250630x8k.htm,non_actionable,,0,0,
2025-11-27T15:58:03.099433+00:00,https://www.sec.gov/Archives/edgar/data/1512762/000110465925059351/tm2517926d1_8k.htm,non_actionable,,0,0,
2025-11-27T15:58:03.806874+00:00,https://www.sec.gov/Archives/edgar/data/1512762/000155837025005554/chrs-20250422x8k.htm,non_actionable,,0,0,
2025-11-27T15:58:04.018014+00:00,https://www.sec.gov/Archives/edgar/data/1512762/000155837025005157/chrs-20250416x8k.htm,non_actionable,,0,0,
2025-11-27T15:58:06.378400+00:00,https://www.sec.gov/Archives/edgar/data/1512762/000155837024016012/chrs-20241127x8k.htm,non_actionable,,0,0,
2025-11-27T15:58:12.249794+00:00,https://www.sec.gov/Archives/edgar/data/1653087/000095017025046756/alec-20250325.htm,non_actionable,,0,0,
2025-11-27T15:58:12.427742+00:00,https://www.sec.gov/Archives/edgar/data/1653087/000119312525050448/d890669d8k.htm,non_actionable,,0,0,
2025-11-27T15:58:13.194323+00:00,https://www.sec.gov/Archives/edgar/data/1653087/000095017025003811/alec-20250109.htm,non_actionable,,0,0,
2025-11-27T15:58:14.642946+00:00,https://www.sec.gov/Archives/edgar/data/1936224/000119312525273350/srfm-20251110.htm,non_actionable,,0,0,
2025-11-27T15:58:16.503853+00:00,https://www.sec.gov/Archives/edgar/data/1936224/000095017025091041/srfm-20250626.htm,non_actionable,,0,0,
2025-11-27T15:58:17.655027+00:00,https://www.sec.gov/Archives/edgar/data/1936224/000095017025046891/srfm-20250325.htm,non_actionable,,0,0,
2025-11-27T15:58:20.041826+00:00,https://www.sec.gov/Archives/edgar/data/1936224/000095017024135472/srfm-20241209.htm,non_actionable,,0,0,
2025-11-27T15:58:21.531957+00:00,https://www.sec.gov/Archives/edgar/data/1156041/000149315225023514/form8-k.htm,non_actionable,,0,0,
2025-11-27T15:58:22.530078+00:00,https://www.sec.gov/Archives/edgar/data/1156041/000149315225018179/form8-k.htm,non_actionable,,0,0,
2025-11-27T15:58:22.621043+00:00,https://www.sec.gov/Archives/edgar/data/1156041/000149315225016844/form8-k.htm,non_actionable,,0,0,
2025-11-27T15:58:23.323675+00:00,https://www.sec.gov/Archives/edgar/data/1156041/000164117225024247/form8-ka.htm,non_actionable,,0,0,
2025-11-27T15:58:23.972042+00:00,https://www.sec.gov/Archives/edgar/data/1156041/000164117225017007/form8-k.htm,non_actionable,,0,0,
2025-11-27T15:58:25.311626+00:00,https://www.sec.gov/Archives/edgar/data/1156041/000149315225008837/form8-k.htm,non_actionable,,0,0,
2025-11-27T15:58:25.639694+00:00,https://www.sec.gov/Archives/edgar/data/1156041/000149315225007624/form8-k.htm,non_actionable,,0,0,
2025-11-27T15:58:25.904646+00:00,https://www.sec.gov/Archives/edgar/data/1156041/000149315225002450/form8-k.htm,non_actionable,,0,0,
2025-11-27T15:58:25.953705+00:00,https://www.sec.gov/Archives/edgar/data/1156041/000149315224050591/form8-k.htm,non_actionable,,0,0,
2025-11-27T15:58:26.696957+00:00,https://www.sec.gov/Archives/edgar/data/1156041/000149315224047008/form8-k.htm,non_actionable,,0,0,
2025-11-27T15:58:27.047814+00:00,https://www.sec.gov/Archives/edgar/data/1901799/000119312525292060/btm-20251124.htm,non_actionable,,0,0,
2025-11-27T15:58:28.212874+00:00,https://www.sec.gov/Archives/edgar/data/1901799/000095017025112471/btm-20250902.htm,non_actionable,,0,0,
2025-11-27T15:58:28.357550+00:00,https://www.sec.gov/Archives/edgar/data/1901799/000095017025112835/btm-20250903.htm,non_actionable,,0,0,
2025-11-27T15:58:28.511983+00:00,https://www.sec.gov/Archives/edgar/data/1901799/000095017025111341/btm-20250826.htm,non_actionable,,0,0,
2025-11-27T15:58:28.884569+00:00,https://www.sec.gov/Archives/edgar/data/1901799/000095017025088982/btm-20250623.htm,non_actionable,,0,0,
2025-11-27T15:58:31.654900+00:00,https://www.sec.gov/Archives/edgar/data/1901799/000095017025043906/btm-20250324.htm,non_actionable,,0,0,
2025-11-27T15:58:31.666050+00:00,https://www.sec.gov/Archives/edgar/data/1901799/000095017025052611/btm-20250314.htm,non_actionable,,0,0,
2025-11-27T15:58:32.165836+00:00,https://www.sec.gov/Archives/edgar/data/1901799/000095017025039831/btm-20250317.htm,non_actionable,,0,0,
2025-11-27T15:58:32.500817+00:00,https://www.sec.gov/Archives/edgar/data/1901799/000095017024138540/btm-20241219.htm,non_actionable,,0,0,
2025-11-27T15:58:33.083896+00:00,https://www.sec.gov/Archives/edgar/data/1901799/000095017024135844/btm-20241212.htm,non_actionable,,0,0,
2025-11-27T15:58:33.367809+00:00,https://www.sec.gov/Archives/edgar/data/1901799/000095017024128076/btm-20241115.htm,non_actionable,,0,0,
2025-11-27T15:58:36.439928+00:00,https://www.sec.gov/Archives/edgar/data/2051380/000121390025065768/ea0249488-8k_graba.htm,non_actionable,,0,0,
2025-11-27T15:58:37.277731+00:00,https://www.sec.gov/Archives/edgar/data/1591890/000149315225020768/form8-k.htm,non_actionable,,0,0,
2025-11-27T15:58:41.311857+00:00,https://www.sec.gov/Archives/edgar/data/1591890/000199419425000004/form8-k.htm,non_actionable,,0,0,
2025-11-27T15:58:45.451942+00:00,https://www.sec.gov/Archives/edgar/data/1591890/000164117225000080/form8-k.htm,non_actionable,,0,0,
2025-11-27T15:58:46.046664+00:00,https://www.sec.gov/Archives/edgar/data/1591890/000149315224050926/form8-k.htm,non_actionable,,0,0,
2025-11-27T15:58:47.112372+00:00,https://www.sec.gov/Archives/edgar/data/1162896/000114036125035610/ef20055789_8k.htm,non_actionable,,0,0,
2025-11-27T15:58:47.295504+00:00,https://www.sec.gov/Archives/edgar/data/1162896/000114036125031548/ef20053548_8k.htm,non_actionable,,0,0,
2025-11-27T15:58:47.842870+00:00,https://www.sec.gov/Archives/edgar/data/1162896/000164117225014022/form8-k.htm,non_actionable,,0,0,
2025-11-27T15:58:50.529647+00:00,https://www.sec.gov/Archives/edgar/data/1162896/000164117225000353/form8-k.htm,non_actionable,,0,0,
2025-11-27T15:58:50.610687+00:00,https://www.sec.gov/Archives/edgar/data/1162896/000149315225010500/form8-k.htm,non_actionable,,0,0,
2025-11-27T15:58:51.940106+00:00,https://www.sec.gov/Archives/edgar/data/1162896/000149315224050775/form8-k.htm,non_actionable,,0,0,
2025-11-27T15:58:53.000208+00:00,https://www.sec.gov/Archives/edgar/data/1162896/000149315224043369/form8-k.htm,non_actionable,,0,0,
2025-11-27T15:58:55.617461+00:00,https://www.sec.gov/Archives/edgar/data/1725160/000172516025000127/zntl-20250617.htm,non_actionable,,0,0,
2025-11-27T15:58:55.889638+00:00,https://www.sec.gov/Archives/edgar/data/1725160/000172516025000108/zntl-20250520.htm,non_actionable,,0,0,
2025-11-27T15:58:58.951073+00:00,https://www.sec.gov/Archives/edgar/data/2028201/000101376225001578/ea0235354-8k_columbus.htm,non_actionable,,0,0,
2025-11-27T15:59:00.443344+00:00,https://www.sec.gov/Archives/edgar/data/1571776/000114036125032484/ef20054454_8k.htm,non_actionable,,0,0,
2025-11-27T15:59:00.600265+00:00,https://www.sec.gov/Archives/edgar/data/1571776/000114036125027686/ef20052742_8k.htm,non_actionable,,0,0,
2025-11-27T15:59:01.034166+00:00,https://www.sec.gov/Archives/edgar/data/1571776/000114036125022434/ef20050619_8k.htm,non_actionable,,0,0,
2025-11-27T15:59:01.562532+00:00,https://www.sec.gov/Archives/edgar/data/1571776/000114036125008429/ef20045292_8k.htm,non_actionable,,0,0,
2025-11-27T15:59:02.493958+00:00,https://www.sec.gov/Archives/edgar/data/2024460/000121390025072281/ea0251960-8k_champions.htm,non_actionable,,0,0,
2025-11-27T15:59:02.825320+00:00,https://www.sec.gov/Archives/edgar/data/2024460/000121390025072180/ea0251163-8k_champions.htm,non_actionable,,0,0,
2025-11-27T15:59:03.360129+00:00,https://www.sec.gov/Archives/edgar/data/1325702/000119312525230199/d22017d8ka.htm,non_actionable,,0,0,
2025-11-27T15:59:03.898760+00:00,https://www.sec.gov/Archives/edgar/data/1325702/000119312525198733/d873929d8ka.htm,non_actionable,,0,0,
2025-11-27T15:59:04.589368+00:00,https://www.sec.gov/Archives/edgar/data/1325702/000119312525148979/d841443d8k.htm,non_actionable,,0,0,
2025-11-27T15:59:04.765326+00:00,https://www.sec.gov/Archives/edgar/data/1325702/000119312525125874/d920609d8k.htm,non_actionable,,0,0,
2025-11-27T15:59:05.036164+00:00,https://www.sec.gov/Archives/edgar/data/1325702/000119312525107531/d926180d8k.htm,non_actionable,,0,0,
2025-11-27T15:59:05.530656+00:00,https://www.sec.gov/Archives/edgar/data/1325702/000119312525054810/d932398d8k.htm,non_actionable,,0,0,
2025-11-27T15:59:07.481651+00:00,https://www.sec.gov/Archives/edgar/data/1662684/000110465925116483/tm2532209d1_8k.htm,non_actionable,,0,0,
2025-11-27T15:59:11.401254+00:00,https://www.sec.gov/Archives/edgar/data/1662684/000110465925063716/tm2519014d1_8k.htm,non_actionable,,0,0,
2025-11-27T15:59:13.500859+00:00,https://www.sec.gov/Archives/edgar/data/1662684/000110465925044190/tm2513696d1_8k.htm,non_actionable,,0,0,
2025-11-27T15:59:20.712363+00:00,https://www.sec.gov/Archives/edgar/data/1662684/000110465924123759/tm2429500d1_8k.htm,non_actionable,,0,0,
2025-11-27T15:59:25.069411+00:00,https://www.sec.gov/Archives/edgar/data/2036973/000118518525001216/uysc8k091625.htm,non_actionable,,0,0,
2025-11-27T15:59:25.765272+00:00,https://www.sec.gov/Archives/edgar/data/2036973/000118518525000616/uyscu8k061025.htm,non_actionable,,0,0,
2025-11-27T15:59:28.101448+00:00,https://www.sec.gov/Archives/edgar/data/2030829/000192998025000738/pgac_8k.htm,non_actionable,,0,0,
2025-11-27T15:59:28.318223+00:00,https://www.sec.gov/Archives/edgar/data/2030829/000121390025065771/ea0249558-01.htm,non_actionable,,0,0,
2025-11-27T15:59:29.333705+00:00,https://www.sec.gov/Archives/edgar/data/2032950/000192998025000728/hspt_8k.htm,non_actionable,,0,0,
2025-11-27T15:59:30.818891+00:00,https://www.sec.gov/Archives/edgar/data/1436229/000164117225026811/form8-k.htm,non_actionable,,0,0,
2025-11-27T15:59:31.772143+00:00,https://www.sec.gov/Archives/edgar/data/1436229/000149315225011802/form8-k.htm,non_actionable,,0,0,
2025-11-27T15:59:31.985057+00:00,https://www.sec.gov/Archives/edgar/data/1436229/000149315225011543/form8-k.htm,non_actionable,,0,0,
2025-11-27T15:59:32.847825+00:00,https://www.sec.gov/Archives/edgar/data/1436229/000149315225011227/form8-k.htm,non_actionable,,0,0,
2025-11-27T15:59:33.514724+00:00,https://www.sec.gov/Archives/edgar/data/1436229/000164117225012010/form8-k.htm,non_actionable,,0,0,
2025-11-27T15:59:34.238946+00:00,https://www.sec.gov/Archives/edgar/data/1436229/000149315225009628/form8-k.htm,non_actionable,,0,0,
2025-11-27T15:59:34.287478+00:00,https://www.sec.gov/Archives/edgar/data/1436229/000149315225005303/form8-k.htm,non_actionable,,0,0,
2025-11-27T15:59:35.554342+00:00,https://www.sec.gov/Archives/edgar/data/1436229/000149315224048668/form8-k.htm,non_actionable,,0,0,
2025-11-27T15:59:35.705768+00:00,https://www.sec.gov/Archives/edgar/data/1436229/000149315225000077/form8-k.htm,non_actionable,,0,0,
2025-11-27T15:59:35.802715+00:00,https://www.sec.gov/Archives/edgar/data/2044523/000149315225016849/form8-k.htm,non_actionable,,0,0,
2025-11-27T15:59:37.556344+00:00,https://www.sec.gov/Archives/edgar/data/1006655/000155837025008434/epm-20250603x8k.htm,non_actionable,,0,0,
2025-11-27T15:59:40.329191+00:00,https://www.sec.gov/Archives/edgar/data/1006655/000155837024016121/epm-20241205x8k.htm,non_actionable,,0,0,
2025-11-27T15:59:42.615388+00:00,https://www.sec.gov/Archives/edgar/data/2028355/000121390025113963/ea0266929-8k_inflection5.htm,non_actionable,,0,0,
2025-11-27T15:59:42.726451+00:00,https://www.sec.gov/Archives/edgar/data/2028355/000121390025113676/ea0266651-8k_inflection5.htm,non_actionable,,0,0,
2025-11-27T15:59:47.326017+00:00,https://www.sec.gov/Archives/edgar/data/709283/000070928325000063/qtm-20251020.htm,non_actionable,,0,0,
2025-11-27T15:59:47.671893+00:00,https://www.sec.gov/Archives/edgar/data/709283/000070928325000047/qtm-20250912.htm,non_actionable,,0,0,
2025-11-27T15:59:47.932885+00:00,https://www.sec.gov/Archives/edgar/data/709283/000070928325000033/qtm-20250827.htm,non_actionable,,0,0,
2025-11-27T15:59:48.680309+00:00,https://www.sec.gov/Archives/edgar/data/709283/000070928325000021/qtm-20250808.htm,non_actionable,,0,0,
2025-11-27T15:59:48.705445+00:00,https://www.sec.gov/Archives/edgar/data/709283/000070928325000023/qtm-20250812.htm,non_actionable,,0,0,
2025-11-27T15:59:48.943731+00:00,https://www.sec.gov/Archives/edgar/data/709283/000070928325000016/qtm-20250701.htm,non_actionable,,0,0,
2025-11-27T15:59:49.264135+00:00,https://www.sec.gov/Archives/edgar/data/709283/000119312525142697/d45411d8k.htm,non_actionable,,0,0,
2025-11-27T15:59:49.857530+00:00,https://www.sec.gov/Archives/edgar/data/709283/000119312525072468/d946779d8k.htm,non_actionable,,0,0,
2025-11-27T15:59:50.529925+00:00,https://www.sec.gov/Archives/edgar/data/709283/000070928325000004/qtm-20250319.htm,non_actionable,,0,0,
2025-11-27T15:59:50.945616+00:00,https://www.sec.gov/Archives/edgar/data/1879103/000094337425000455/form8k.htm,non_actionable,,0,0,
2025-11-27T15:59:51.507925+00:00,https://www.sec.gov/Archives/edgar/data/1879103/000119312525245550/d53503d8k.htm,non_actionable,,0,0,
2025-11-27T15:59:51.739833+00:00,https://www.sec.gov/Archives/edgar/data/1879103/000119312525206477/d44175d8k.htm,non_actionable,,0,0,
2025-11-27T15:59:52.606361+00:00,https://www.sec.gov/Archives/edgar/data/1879103/000119312525197283/d39024d8k.htm,non_actionable,,0,0,
2025-11-27T16:00:03.714025+00:00,https://www.sec.gov/Archives/edgar/data/1842566/000165495424015623/airsp_8k.htm,non_actionable,,0,0,
2025-11-27T16:00:05.175308+00:00,https://www.sec.gov/Archives/edgar/data/1477845/000110465925079248/tm2523187d1_8k.htm,non_actionable,,0,0,
2025-11-27T16:00:05.456130+00:00,https://www.sec.gov/Archives/edgar/data/1477845/000110465925061751/tm2518658d1_8k.htm,non_actionable,,0,0,
2025-11-27T16:00:08.060273+00:00,https://www.sec.gov/Archives/edgar/data/1477845/000110465924126761/tm2430528d1_8k.htm,non_actionable,,0,0,
2025-11-27T16:00:09.331276+00:00,https://www.sec.gov/Archives/edgar/data/738214/000143774925017423/amtx20250513_8k.htm,non_actionable,,0,0,
2025-11-27T16:00:10.796957+00:00,https://www.sec.gov/Archives/edgar/data/738214/000143774925001731/amtx20250122_8k.htm,non_actionable,,0,0,
2025-11-27T16:00:11.915830+00:00,https://www.sec.gov/Archives/edgar/data/1455365/000110465925083059/tm2524388d1_8k.htm,non_actionable,,0,0,
2025-11-27T16:00:12.741427+00:00,https://www.sec.gov/Archives/edgar/data/1455365/000110465925061142/tm2518439d2_8k.htm,non_actionable,,0,0,
2025-11-27T16:00:13.432194+00:00,https://www.sec.gov/Archives/edgar/data/1455365/000110465925022969/tm258979d1_8k.htm,non_actionable,,0,0,
2025-11-27T16:00:15.487897+00:00,https://www.sec.gov/Archives/edgar/data/31107/000165495425006162/eml_8k.htm,non_actionable,,0,0,
2025-11-27T16:00:17.170613+00:00,https://www.sec.gov/Archives/edgar/data/31107/000165495425005145/eml_8k.htm,non_actionable,,0,0,
2025-11-27T16:00:18.098112+00:00,https://www.sec.gov/Archives/edgar/data/31107/000165495425004078/eml_8k.htm,non_actionable,,0,0,
2025-11-27T16:00:18.169522+00:00,https://www.sec.gov/Archives/edgar/data/31107/000165495425004992/eml_8k.htm,non_actionable,,0,0,
2025-11-27T16:00:18.680200+00:00,https://www.sec.gov/Archives/edgar/data/31107/000121465924018628/y1182418k.htm,non_actionable,,0,0,
2025-11-27T16:00:18.979601+00:00,https://www.sec.gov/Archives/edgar/data/1768446/000119312525241951/d34212d8k.htm,non_actionable,,0,0,
2025-11-27T16:00:19.061918+00:00,https://www.sec.gov/Archives/edgar/data/1768446/000119312525227025/d33819d8k.htm,non_actionable,,0,0,
2025-11-27T16:00:20.743073+00:00,https://www.sec.gov/Archives/edgar/data/1768446/000119312525142359/d939351d8k.htm,non_actionable,,0,0,
2025-11-27T16:00:20.893335+00:00,https://www.sec.gov/Archives/edgar/data/1768446/000119312525135864/d924577d8k.htm,non_actionable,,0,0,
2025-11-27T16:00:21.121815+00:00,https://www.sec.gov/Archives/edgar/data/1768446/000119312525125866/d854335d8k.htm,non_actionable,,0,0,
2025-11-27T16:00:21.883857+00:00,https://www.sec.gov/Archives/edgar/data/1768446/000119312525069668/d853219d8k.htm,non_actionable,,0,0,
2025-11-27T16:00:22.269660+00:00,https://www.sec.gov/Archives/edgar/data/1768446/000119312525004129/d851032d8k.htm,non_actionable,,0,0,
2025-11-27T16:00:23.435068+00:00,https://www.sec.gov/Archives/edgar/data/1541119/000154111925000028/sfbc-20250603.htm,non_actionable,,0,0,
2025-11-27T16:00:23.486897+00:00,https://www.sec.gov/Archives/edgar/data/1541119/000154111925000025/sfbc-20250527.htm,non_actionable,,0,0,
2025-11-27T16:00:26.554398+00:00,https://www.sec.gov/Archives/edgar/data/1541119/000154111924000053/sfbc-20241030.htm,non_actionable,,0,0,
2025-11-27T16:00:28.277133+00:00,https://www.sec.gov/Archives/edgar/data/2020987/000168316825007549/yhna_8k.htm,non_actionable,,0,0,
2025-11-27T16:00:29.050913+00:00,https://www.sec.gov/Archives/edgar/data/2020987/000168316825005065/yhna_8k.htm,non_actionable,,0,0,
2025-11-27T16:00:29.825780+00:00,https://www.sec.gov/Archives/edgar/data/2020987/000168316825004242/yhna_8k.htm,non_actionable,,0,0,
2025-11-27T16:00:29.916103+00:00,https://www.sec.gov/Archives/edgar/data/2020987/000168316825003310/yhna_8k.htm,non_actionable,,0,0,
2025-11-27T16:00:30.110519+00:00,https://www.sec.gov/Archives/edgar/data/2017950/000149315225020049/form8-ka.htm,non_actionable,,0,0,
2025-11-27T16:00:30.551170+00:00,https://www.sec.gov/Archives/edgar/data/2017950/000149315225019336/form8-k.htm,non_actionable,,0,0,
2025-11-27T16:00:30.892279+00:00,https://www.sec.gov/Archives/edgar/data/2017950/000149315225018928/form8-k.htm,non_actionable,,0,0,
2025-11-27T16:00:31.071572+00:00,https://www.sec.gov/Archives/edgar/data/2017950/000149315225018599/form8-k.htm,non_actionable,,0,0,
2025-11-27T16:00:31.385006+00:00,https://www.sec.gov/Archives/edgar/data/2017950/000149315225018100/form8-k.htm,non_actionable,,0,0,
2025-11-27T16:00:31.555910+00:00,https://www.sec.gov/Archives/edgar/data/2017950/000149315225017928/form8-k.htm,non_actionable,,0,0,
2025-11-27T16:00:31.629253+00:00,https://www.sec.gov/Archives/edgar/data/2017950/000149315225017421/form8-k.htm,non_actionable,,0,0,
2025-11-27T16:00:31.774910+00:00,https://www.sec.gov/Archives/edgar/data/2017950/000164117225021724/form8-k.htm,non_actionable,,0,0,
2025-11-27T16:00:32.008341+00:00,https://www.sec.gov/Archives/edgar/data/2017950/000164117225020077/form8-k.htm,non_actionable,,0,0,
2025-11-27T16:00:32.142309+00:00,https://www.sec.gov/Archives/edgar/data/2017950/000164117225003973/form8-k.htm,non_actionable,,0,0,
2025-11-27T16:00:32.365391+00:00,https://www.sec.gov/Archives/edgar/data/2047235/000119312525279601/wsbk-20251112.htm,non_actionable,,0,0,
2025-11-27T16:00:32.532168+00:00,https://www.sec.gov/Archives/edgar/data/2047235/000119312525206345/wsbk-20250917.htm,non_actionable,,0,0,
2025-11-27T16:00:32.958758+00:00,https://www.sec.gov/Archives/edgar/data/2047235/000094337425000173/form8k_043025-earnings.htm,non_actionable,,0,0,
2025-11-27T16:00:35.577508+00:00,https://www.sec.gov/Archives/edgar/data/1422142/000119312525140810/d928055d8k.htm,non_actionable,,0,0,
2025-11-27T16:00:37.646558+00:00,https://www.sec.gov/Archives/edgar/data/1636651/000119312525204308/d80889d8k.htm,non_actionable,,0,0,
2025-11-27T16:00:38.725655+00:00,https://www.sec.gov/Archives/edgar/data/1636651/000162828025034733/ovid-20250710.htm,non_actionable,,0,0,
2025-11-27T16:00:39.084882+00:00,https://www.sec.gov/Archives/edgar/data/1636651/000119312525111633/d830663d8k.htm,non_actionable,,0,0,
2025-11-27T16:00:39.269977+00:00,https://www.sec.gov/Archives/edgar/data/1636651/000119312525047174/d844381d8k.htm,non_actionable,,0,0,
2025-11-27T16:00:39.381981+00:00,https://www.sec.gov/Archives/edgar/data/1636651/000119312525026192/d385884d8k.htm,non_actionable,,0,0,
2025-11-27T16:00:39.887272+00:00,https://www.sec.gov/Archives/edgar/data/1394056/000095017025075232/oss-20250520.htm,non_actionable,,0,0,
2025-11-27T16:00:42.916236+00:00,https://www.sec.gov/Archives/edgar/data/1833769/000095017025103970/hypr-20250806.htm,non_actionable,,0,0,
2025-11-27T16:00:42.988282+00:00,https://www.sec.gov/Archives/edgar/data/1833769/000119312525125906/d881945d8k.htm,non_actionable,,0,0,
2025-11-27T16:00:43.672317+00:00,https://www.sec.gov/Archives/edgar/data/1833769/000095017025074355/hypr-20250519.htm,non_actionable,,0,0,
2025-11-27T16:00:43.964714+00:00,https://www.sec.gov/Archives/edgar/data/1833769/000095017025062762/hypr-20250430.htm,non_actionable,,0,0,
2025-11-27T16:00:45.259337+00:00,https://www.sec.gov/Archives/edgar/data/1833769/000095017025010230/hypr-20250128.htm,non_actionable,,0,0,
2025-11-27T16:00:46.455772+00:00,https://www.sec.gov/Archives/edgar/data/1705843/000162828025051101/cbus-20251105.htm,non_actionable,,0,0,
2025-11-27T16:00:46.745524+00:00,https://www.sec.gov/Archives/edgar/data/1705843/000119312525213340/d30632d8k.htm,non_actionable,,0,0,
2025-11-27T16:00:46.919140+00:00,https://www.sec.gov/Archives/edgar/data/1705843/000119312525204988/d935124d8k.htm,non_actionable,,0,0,
2025-11-27T16:00:47.166615+00:00,https://www.sec.gov/Archives/edgar/data/1705843/000119312525163439/d946086d8k.htm,non_actionable,,0,0,
2025-11-27T16:00:48.025855+00:00,https://www.sec.gov/Archives/edgar/data/1705843/000162828025027958/cbus-20250522.htm,non_actionable,,0,0,
2025-11-27T16:00:49.313596+00:00,https://www.sec.gov/Archives/edgar/data/1705843/000119312524273978/d807792d8k.htm,non_actionable,,0,0,
2025-11-27T16:00:49.567088+00:00,https://www.sec.gov/Archives/edgar/data/1979332/000095017025111815/cpbi-20250826.htm,non_actionable,,0,0,
2025-11-27T16:00:49.725429+00:00,https://www.sec.gov/Archives/edgar/data/1979332/000095017025097906/cpbi-20250722.htm,non_actionable,,0,0,
2025-11-27T16:00:49.789962+00:00,https://www.sec.gov/Archives/edgar/data/1705843/000162828024048288/cbus-20241118.htm,non_actionable,,0,0,
2025-11-27T16:00:50.437811+00:00,https://www.sec.gov/Archives/edgar/data/1979332/000094337425000187/form8k_042925-cpbi.htm,non_actionable,,0,0,
2025-11-27T16:00:50.583637+00:00,https://www.sec.gov/Archives/edgar/data/1979332/000095017024132173/cpbi-20241126.htm,non_actionable,,0,0,
2025-11-27T16:00:50.974867+00:00,https://www.sec.gov/Archives/edgar/data/1847064/000110465925110480/tm2531074d1_8k.htm,non_actionable,,0,0,
2025-11-27T16:00:52.421859+00:00,https://www.sec.gov/Archives/edgar/data/1847064/000121390025050293/ea0244048-8k_psqhold.htm,non_actionable,,0,0,
2025-11-27T16:00:53.386183+00:00,https://www.sec.gov/Archives/edgar/data/1847064/000121390025020231/ea0232863-8k_psqhold.htm,non_actionable,,0,0,
2025-11-27T16:00:53.827579+00:00,https://www.sec.gov/Archives/edgar/data/1847064/000121390025007911/ea0229116-8k_psq.htm,non_actionable,,0,0,
2025-11-27T16:00:54.384360+00:00,https://www.sec.gov/Archives/edgar/data/1847064/000121390024093551/ea0219668-8k_psq.htm,non_actionable,,0,0,
2025-11-27T16:00:57.938353+00:00,https://www.sec.gov/Archives/edgar/data/6176/000095017025068111/ap-20250508.htm,non_actionable,,0,0,
2025-11-27T16:00:58.911802+00:00,https://www.sec.gov/Archives/edgar/data/725363/000165495425013412/cvm_8k.htm,non_actionable,,0,0,
2025-11-27T16:00:58.965141+00:00,https://www.sec.gov/Archives/edgar/data/725363/000165495425012607/cvm_8k.htm,non_actionable,,0,0,
2025-11-27T16:00:59.729750+00:00,https://www.sec.gov/Archives/edgar/data/725363/000165495425009966/cvm_8k.htm,non_actionable,,0,0,
2025-11-27T16:01:00.074231+00:00,https://www.sec.gov/Archives/edgar/data/725363/000165495425005876/cvm_8k.htm,non_actionable,,0,0,
2025-11-27T16:01:00.647703+00:00,https://www.sec.gov/Archives/edgar/data/725363/000165495424014554/cvm_8k.htm,non_actionable,,0,0,
2025-11-27T16:01:00.900931+00:00,https://www.sec.gov/Archives/edgar/data/725363/000165495424014204/cvm_8k.htm,non_actionable,,0,0,
2025-11-27T16:01:01.606285+00:00,https://www.sec.gov/Archives/edgar/data/723603/000119312525216626/culp-20250924.htm,non_actionable,,0,0,
2025-11-27T16:01:02.595032+00:00,https://www.sec.gov/Archives/edgar/data/723603/000095017025086879/culp-20250612.htm,non_actionable,,0,0,
2025-11-27T16:01:08.093461+00:00,https://www.sec.gov/Archives/edgar/data/1854270/000185427025000073/snti-20250625.htm,non_actionable,,0,0,
2025-11-27T16:01:17.822219+00:00,https://www.sec.gov/Archives/edgar/data/1854270/000114036125007862/ef20045153_8k.htm,non_actionable,,0,0,
2025-11-27T16:01:18.821734+00:00,https://www.sec.gov/Archives/edgar/data/1854270/000162828025004293/snti-20250131.htm,non_actionable,,0,0,
2025-11-27T16:01:20.123712+00:00,https://www.sec.gov/Archives/edgar/data/1854270/000185427024000108/snti-20241022.htm,non_actionable,,0,0,
2025-11-27T16:01:20.719957+00:00,https://www.sec.gov/Archives/edgar/data/8504/000164117225024277/form8-k.htm,non_actionable,,0,0,
2025-11-27T16:01:20.869287+00:00,https://www.sec.gov/Archives/edgar/data/8504/000149315225013044/form8-k.htm,no_items,,0,0,
2025-11-27T16:01:21.030921+00:00,https://www.sec.gov/Archives/edgar/data/8504/000164117225018399/form8-k.htm,non_actionable,,0,0,
2025-11-27T16:01:21.256340+00:00,https://www.sec.gov/Archives/edgar/data/8504/000164117225015573/form8-k.htm,non_actionable,,0,0,
2025-11-27T16:01:21.461355+00:00,https://www.sec.gov/Archives/edgar/data/8504/000164117225011172/form8-k.htm,non_actionable,,0,0,
2025-11-27T16:01:22.003288+00:00,https://www.sec.gov/Archives/edgar/data/8504/000149315225007646/form8-k.htm,non_actionable,,0,0,
2025-11-27T16:01:22.071869+00:00,https://www.sec.gov/Archives/edgar/data/8504/000164117225001752/form8-k.htm,non_actionable,,0,0,
2025-11-27T16:01:22.492188+00:00,https://www.sec.gov/Archives/edgar/data/8504/000149315224051106/form8-k.htm,non_actionable,,0,0,
2025-11-27T16:01:24.357186+00:00,https://www.sec.gov/Archives/edgar/data/1833498/000121390025050760/ea0244495-8k_spectral.htm,non_actionable,,0,0,
2025-11-27T16:01:26.305852+00:00,https://www.sec.gov/Archives/edgar/data/1833498/000121390024107873/ea0224354-8k_spectral.htm,non_actionable,,0,0,
2025-11-27T16:01:27.429878+00:00,https://www.sec.gov/Archives/edgar/data/1679628/000164117225018429/form8-k.htm,non_actionable,,0,0,
2025-11-27T16:01:27.641512+00:00,https://www.sec.gov/Archives/edgar/data/1679628/000164117225005506/form8-k.htm,non_actionable,,0,0,
2025-11-27T16:01:27.851945+00:00,https://www.sec.gov/Archives/edgar/data/1679628/000149315224050881/form8-k.htm,non_actionable,,0,0,
2025-11-27T16:01:27.969945+00:00,https://www.sec.gov/Archives/edgar/data/1679628/000164117225000627/form8-k.htm,non_actionable,,0,0,
2025-11-27T16:01:28.358889+00:00,https://www.sec.gov/Archives/edgar/data/1679628/000149315224050801/form8-k.htm,non_actionable,,0,0,
2025-11-27T16:01:29.554578+00:00,https://www.sec.gov/Archives/edgar/data/1516551/000151655125000046/skye-20250606.htm,non_actionable,,0,0,
2025-11-27T16:01:30.483649+00:00,https://www.sec.gov/Archives/edgar/data/1516551/000151655125000002/skye-20250224.htm,non_actionable,,0,0,
2025-11-27T16:01:31.009790+00:00,https://www.sec.gov/Archives/edgar/data/1516551/000151655124000091/skye-20241022.htm,non_actionable,,0,0,
2025-11-27T16:01:31.815928+00:00,https://www.sec.gov/Archives/edgar/data/1696558/000121390025088553/ea0257661-8ka1_jerash.htm,non_actionable,,0,0,
2025-11-27T16:01:31.947232+00:00,https://www.sec.gov/Archives/edgar/data/1696558/000121390025079359/ea0254177-8k_jerash.htm,non_actionable,,0,0,
2025-11-27T16:01:32.874293+00:00,https://www.sec.gov/Archives/edgar/data/1696558/000121390025056171/ea0246160-8k_jerash.htm,non_actionable,,0,0,
2025-11-27T16:01:33.452953+00:00,https://www.sec.gov/Archives/edgar/data/1696558/000101376225003351/ea0235682-8k_jerash.htm,non_actionable,,0,0,
2025-11-27T16:01:35.018759+00:00,https://www.sec.gov/Archives/edgar/data/1505155/000150515525000096/upld-20250815.htm,non_actionable,,0,0,
2025-11-27T16:01:36.884470+00:00,https://www.sec.gov/Archives/edgar/data/1505155/000150515525000076/upld-20250711.htm,non_actionable,,0,0,
2025-11-27T16:01:37.457878+00:00,https://www.sec.gov/Archives/edgar/data/1505155/000150515525000059/upld-20250604.htm,non_actionable,,0,0,
2025-11-27T16:01:37.761134+00:00,https://www.sec.gov/Archives/edgar/data/1505155/000150515525000039/upld-20250401.htm,non_actionable,,0,0,
2025-11-27T16:01:38.408201+00:00,https://www.sec.gov/Archives/edgar/data/1505155/000150515525000016/upld-20250225.htm,non_actionable,,0,0,
2025-11-27T16:01:38.767263+00:00,https://www.sec.gov/Archives/edgar/data/1505155/000150515525000010/upld-20250131.htm,non_actionable,,0,0,
2025-11-27T16:01:39.958169+00:00,https://www.sec.gov/Archives/edgar/data/1288855/000149315225016528/form8-k.htm,non_actionable,,0,0,
2025-11-27T16:01:42.963278+00:00,https://www.sec.gov/Archives/edgar/data/1288855/000164117225008617/form8-k.htm,non_actionable,,0,0,
2025-11-27T16:01:43.188940+00:00,https://www.sec.gov/Archives/edgar/data/1288855/000164117225007990/form8-k.htm,non_actionable,,0,0,
2025-11-27T16:01:44.841656+00:00,https://www.sec.gov/Archives/edgar/data/1288855/000149315225004091/form8-k.htm,non_actionable,,0,0,
2025-11-27T16:01:48.017729+00:00,https://www.sec.gov/Archives/edgar/data/1671284/000167128425000025/bhg-20250918.htm,non_actionable,,0,0,
2025-11-27T16:01:48.806269+00:00,https://www.sec.gov/Archives/edgar/data/1671284/000162828025028602/bhg-20250529.htm,non_actionable,,0,0,
2025-11-27T16:01:49.267755+00:00,https://www.sec.gov/Archives/edgar/data/1671284/000167128425000018/bhg-20250507.htm,non_actionable,,0,0,
2025-11-27T16:01:52.040691+00:00,https://www.sec.gov/Archives/edgar/data/1088034/000143774925028037/usio20250829_8k.htm,non_actionable,,0,0,
2025-11-27T16:01:52.093290+00:00,https://www.sec.gov/Archives/edgar/data/1088034/000143774925027242/usio20250818_8k.htm,non_actionable,,0,0,
2025-11-27T16:01:52.109626+00:00,https://www.sec.gov/Archives/edgar/data/1088034/000143774925027881/usio20250827_8k.htm,non_actionable,,0,0,
2025-11-27T16:01:52.722644+00:00,https://www.sec.gov/Archives/edgar/data/1088034/000143774925019543/usio20250603_8k.htm,non_actionable,,0,0,
2025-11-27T16:01:54.907266+00:00,https://www.sec.gov/Archives/edgar/data/1088034/000143774925006298/usio20250304_8k.htm,non_actionable,,0,0,
2025-11-27T16:01:58.746870+00:00,https://www.sec.gov/Archives/edgar/data/1825024/000119312525156274/d889917d8k.htm,non_actionable,,0,0,
2025-11-27T16:01:59.110845+00:00,https://www.sec.gov/Archives/edgar/data/1825024/000119312525117812/d62698d8k.htm,non_actionable,,0,0,
2025-11-27T16:01:59.307757+00:00,https://www.sec.gov/Archives/edgar/data/1825024/000119312525091364/d868809d8k.htm,non_actionable,,0,0,
2025-11-27T16:01:59.409903+00:00,https://www.sec.gov/Archives/edgar/data/1825024/000119312525139234/d803639d8k.htm,non_actionable,,0,0,
2025-11-27T16:01:59.624800+00:00,https://www.sec.gov/Archives/edgar/data/1825024/000119312525082793/d940578d8k.htm,non_actionable,,0,0,
2025-11-27T16:01:59.851210+00:00,https://www.sec.gov/Archives/edgar/data/1825024/000119312525042474/d911497d8k.htm,non_actionable,,0,0,
2025-11-27T16:02:00.709119+00:00,https://www.sec.gov/Archives/edgar/data/1825024/000119312524272450/d910740d8k.htm,non_actionable,,0,0,
2025-11-27T16:02:01.023066+00:00,https://www.sec.gov/Archives/edgar/data/1971543/000119312525250044/d228748d8k.htm,non_actionable,,0,0,
2025-11-27T16:02:02.024762+00:00,https://www.sec.gov/Archives/edgar/data/1971543/000119312525139898/d944159d8k.htm,non_actionable,,0,0,
2025-11-27T16:02:02.418730+00:00,https://www.sec.gov/Archives/edgar/data/1971543/000119312525080765/d940480d8k.htm,non_actionable,,0,0,
2025-11-27T16:02:02.503362+00:00,https://www.sec.gov/Archives/edgar/data/1971543/000119312525061872/d936530d8k.htm,non_actionable,,0,0,
2025-11-27T16:02:02.785429+00:00,https://www.sec.gov/Archives/edgar/data/1971543/000119312525052013/d939908d8k.htm,non_actionable,,0,0,
2025-11-27T16:02:04.703686+00:00,https://www.sec.gov/Archives/edgar/data/1904286/000149315225019065/form8-k.htm,non_actionable,,0,0,
2025-11-27T16:02:05.006755+00:00,https://www.sec.gov/Archives/edgar/data/1904286/000149315225018141/form8-k.htm,non_actionable,,0,0,
2025-11-27T16:02:05.503746+00:00,https://www.sec.gov/Archives/edgar/data/1904286/000149315225013459/form8-k.htm,non_actionable,,0,0,
2025-11-27T16:02:05.605285+00:00,https://www.sec.gov/Archives/edgar/data/1904286/000149315225014393/form8-k.htm,non_actionable,,0,0,
2025-11-27T16:02:07.231554+00:00,https://www.sec.gov/Archives/edgar/data/1904286/000164117225023110/form8-k.htm,non_actionable,,0,0,
2025-11-27T16:02:07.287040+00:00,https://www.sec.gov/Archives/edgar/data/1904286/000164117225024731/form8-k.htm,non_actionable,,0,0,
2025-11-27T16:02:07.608359+00:00,https://www.sec.gov/Archives/edgar/data/1904286/000164117225021356/form8-k.htm,non_actionable,,0,0,
2025-11-27T16:02:07.697993+00:00,https://www.sec.gov/Archives/edgar/data/1904286/000164117225021155/form8-k.htm,non_actionable,,0,0,
2025-11-27T16:02:07.748209+00:00,https://www.sec.gov/Archives/edgar/data/1904286/000164117225018595/form8-k.htm,non_actionable,,0,0,
2025-11-27T16:02:08.016694+00:00,https://www.sec.gov/Archives/edgar/data/1904286/000164117225017557/form8-k.htm,non_actionable,,0,0,
2025-11-27T16:02:08.194216+00:00,https://www.sec.gov/Archives/edgar/data/1904286/000164117225017046/form8-k.htm,non_actionable,,0,0,
2025-11-27T16:02:08.253897+00:00,https://www.sec.gov/Archives/edgar/data/1904286/000164117225015401/form8-k.htm,non_actionable,,0,0,
2025-11-27T16:02:08.414195+00:00,https://www.sec.gov/Archives/edgar/data/1904286/000164117225016285/form8-k.htm,non_actionable,,0,0,
2025-11-27T16:02:08.441779+00:00,https://www.sec.gov/Archives/edgar/data/1904286/000164117225012603/form8-k.htm,non_actionable,,0,0,
2025-11-27T16:02:08.557554+00:00,https://www.sec.gov/Archives/edgar/data/1904286/000164117225011936/form8-k.htm,non_actionable,,0,0,
2025-11-27T16:02:08.569982+00:00,https://www.sec.gov/Archives/edgar/data/1904286/000164117225009155/form8-k.htm,non_actionable,,0,0,
2025-11-27T16:02:08.934389+00:00,https://www.sec.gov/Archives/edgar/data/1904286/000164117225008748/form8-k.htm,non_actionable,,0,0,
2025-11-27T16:02:08.995447+00:00,https://www.sec.gov/Archives/edgar/data/1904286/000164117225003889/form8-k.htm,non_actionable,,0,0,
2025-11-27T16:02:09.043732+00:00,https://www.sec.gov/Archives/edgar/data/1904286/000164117225005772/form8-k.htm,non_actionable,,0,0,
2025-11-27T16:02:09.104215+00:00,https://www.sec.gov/Archives/edgar/data/1904286/000164117225004971/form8-k.htm,non_actionable,,0,0,
2025-11-27T16:02:09.807309+00:00,https://www.sec.gov/Archives/edgar/data/1904286/000164117225001987/form8-k.htm,non_actionable,,0,0,
2025-11-27T16:02:09.977615+00:00,https://www.sec.gov/Archives/edgar/data/1904286/000149315225010140/form8-k.htm,non_actionable,,0,0,
2025-11-27T16:02:10.012414+00:00,https://www.sec.gov/Archives/edgar/data/1904286/000149315225008977/form8-k.htm,non_actionable,,0,0,
2025-11-27T16:02:10.204050+00:00,https://www.sec.gov/Archives/edgar/data/1904286/000149315224051091/form8-k.htm,non_actionable,,0,0,
2025-11-27T16:02:10.387051+00:00,https://www.sec.gov/Archives/edgar/data/1904286/000149315224050695/form8-k.htm,non_actionable,,0,0,
2025-11-27T16:02:10.543083+00:00,https://www.sec.gov/Archives/edgar/data/1904286/000149315224049377/form8-k.htm,non_actionable,,0,0,
2025-11-27T16:02:10.572457+00:00,https://www.sec.gov/Archives/edgar/data/1904286/000149315224046812/form8-k.htm,non_actionable,,0,0,
2025-11-27T16:02:10.637859+00:00,https://www.sec.gov/Archives/edgar/data/1904286/000149315224047146/form8-k.htm,non_actionable,,0,0,
2025-11-27T16:02:10.687824+00:00,https://www.sec.gov/Archives/edgar/data/1904286/000149315224042511/form8-k.htm,non_actionable,,0,0,
2025-11-27T16:02:11.465920+00:00,https://www.sec.gov/Archives/edgar/data/1795091/000121390025093936/ea0259321-8k_ostherap.htm,non_actionable,,0,0,
2025-11-27T16:02:11.612503+00:00,https://www.sec.gov/Archives/edgar/data/1795091/000121390025100821/ea0261939-8k_ostherap.htm,non_actionable,,0,0,
2025-11-27T16:02:12.268446+00:00,https://www.sec.gov/Archives/edgar/data/1795091/000121390025077431/ea0253338-8k_ostherap.htm,non_actionable,,0,0,
2025-11-27T16:02:13.323482+00:00,https://www.sec.gov/Archives/edgar/data/1795091/000121390025027522/ea0236724-8k_ostherapies.htm,non_actionable,,0,0,
2025-11-27T16:02:13.872092+00:00,https://www.sec.gov/Archives/edgar/data/1795091/000121390025003886/ea0227757-8k_osthera.htm,non_actionable,,0,0,
2025-11-27T16:02:15.019042+00:00,https://www.sec.gov/Archives/edgar/data/1645666/000162828025050671/kzr-20251106.htm,non_actionable,,0,0,
2025-11-27T16:02:15.226907+00:00,https://www.sec.gov/Archives/edgar/data/1645666/000162828025045871/kzr-20251020.htm,non_actionable,,0,0,
2025-11-27T16:02:15.663413+00:00,https://www.sec.gov/Archives/edgar/data/1645666/000164566625000029/kzr-20250617.htm,non_actionable,,0,0,
2025-11-27T16:02:16.028754+00:00,https://www.sec.gov/Archives/edgar/data/1645666/000164566625000014/kzr-20250327.htm,non_actionable,,0,0,
2025-11-27T16:02:16.714908+00:00,https://www.sec.gov/Archives/edgar/data/1645666/000164566625000001/kzr-20250110.htm,non_actionable,,0,0,
2025-11-27T16:02:16.956092+00:00,https://www.sec.gov/Archives/edgar/data/1645666/000095017024132818/kzr-20241203.htm,non_actionable,,0,0,
2025-11-27T16:02:16.966219+00:00,https://www.sec.gov/Archives/edgar/data/1645666/000095017024127038/kzr-20241113.htm,non_actionable,,0,0,
2025-11-27T16:02:18.317335+00:00,https://www.sec.gov/Archives/edgar/data/1971532/000149315225024818/form8-k.htm,non_actionable,,0,0,
2025-11-27T16:02:18.586949+00:00,https://www.sec.gov/Archives/edgar/data/1971532/000149315225024491/form8-k.htm,non_actionable,,0,0,
2025-11-27T16:02:18.680537+00:00,https://www.sec.gov/Archives/edgar/data/1971532/000149315225024450/form8-k.htm,non_actionable,,0,0,
2025-11-27T16:02:18.827840+00:00,https://www.sec.gov/Archives/edgar/data/1971532/000149315225021712/form8-k.htm,non_actionable,,0,0,
2025-11-27T16:02:19.155161+00:00,https://www.sec.gov/Archives/edgar/data/1971532/000149315225018634/form8-k.htm,non_actionable,,0,0,
2025-11-27T16:02:19.300554+00:00,https://www.sec.gov/Archives/edgar/data/1971532/000149315225018907/form8-k.htm,non_actionable,,0,0,
2025-11-27T16:02:19.316392+00:00,https://www.sec.gov/Archives/edgar/data/1971532/000149315225017916/form8-k.htm,non_actionable,,0,0,
2025-11-27T16:02:19.602541+00:00,https://www.sec.gov/Archives/edgar/data/1971532/000149315225017072/form8-k.htm,non_actionable,,0,0,
2025-11-27T16:02:19.729338+00:00,https://www.sec.gov/Archives/edgar/data/1971532/000149315225013970/form8-k.htm,non_actionable,,0,0,
2025-11-27T16:02:19.753243+00:00,https://www.sec.gov/Archives/edgar/data/1971532/000164117225026931/form8-k.htm,non_actionable,,0,0,
2025-11-27T16:02:19.974819+00:00,https://www.sec.gov/Archives/edgar/data/1971532/000164117225025688/form8-k.htm,non_actionable,,0,0,
2025-11-27T16:02:20.167768+00:00,https://www.sec.gov/Archives/edgar/data/1971532/000164117225022506/form8-k.htm,non_actionable,,0,0,
2025-11-27T16:02:20.266215+00:00,https://www.sec.gov/Archives/edgar/data/1971532/000164117225020687/form8-k.htm,non_actionable,,0,0,
2025-11-27T16:02:20.495215+00:00,https://www.sec.gov/Archives/edgar/data/1971532/000164117225020042/form8-k.htm,non_actionable,,0,0,
2025-11-27T16:02:20.528081+00:00,https://www.sec.gov/Archives/edgar/data/1971532/000164117225015522/form8-k.htm,non_actionable,,0,0,
2025-11-27T16:02:20.688964+00:00,https://www.sec.gov/Archives/edgar/data/1971532/000164117225014648/form8-k.htm,non_actionable,,0,0,
2025-11-27T16:02:20.766889+00:00,https://www.sec.gov/Archives/edgar/data/1971532/000164117225013711/form8-k.htm,non_actionable,,0,0,
2025-11-27T16:02:20.899638+00:00,https://www.sec.gov/Archives/edgar/data/1971532/000164117225013196/form8-k.htm,non_actionable,,0,0,
2025-11-27T16:02:20.993911+00:00,https://www.sec.gov/Archives/edgar/data/1971532/000164117225012785/form8-k.htm,non_actionable,,0,0,
2025-11-27T16:02:21.298873+00:00,https://www.sec.gov/Archives/edgar/data/1971532/000164117225011938/form8-k.htm,non_actionable,,0,0,
2025-11-27T16:02:21.326773+00:00,https://www.sec.gov/Archives/edgar/data/1971532/000164117225010518/form8-k.htm,non_actionable,,0,0,
2025-11-27T16:02:21.574053+00:00,https://www.sec.gov/Archives/edgar/data/1971532/000149315225010868/form8-k.htm,non_actionable,,0,0,
2025-11-27T16:02:21.790400+00:00,https://www.sec.gov/Archives/edgar/data/1971532/000149315225008195/form8-k.htm,non_actionable,,0,0,
2025-11-27T16:02:21.849506+00:00,https://www.sec.gov/Archives/edgar/data/1971532/000149315225007698/form8-k.htm,non_actionable,,0,0,
2025-11-27T16:02:21.968610+00:00,https://www.sec.gov/Archives/edgar/data/1971532/000149315225007080/form8-k.htm,non_actionable,,0,0,
2025-11-27T16:02:22.282808+00:00,https://www.sec.gov/Archives/edgar/data/1971532/000149315225001112/form8-k.htm,non_actionable,,0,0,
2025-11-27T16:02:22.292682+00:00,https://www.sec.gov/Archives/edgar/data/1971532/000149315224051191/form8-k.htm,non_actionable,,0,0,
2025-11-27T16:02:22.487217+00:00,https://www.sec.gov/Archives/edgar/data/1971532/000149315224051090/form8-k.htm,non_actionable,,0,0,
2025-11-27T16:02:23.585753+00:00,https://www.sec.gov/Archives/edgar/data/1971532/000149315224047145/form8-k.htm,non_actionable,,0,0,
2025-11-27T16:02:24.885852+00:00,https://www.sec.gov/Archives/edgar/data/1819438/000181943825000027/wk-20250829.htm,non_actionable,,0,0,
2025-11-27T16:02:24.971807+00:00,https://www.sec.gov/Archives/edgar/data/1819438/000181943825000019/wk-20250812.htm,non_actionable,,0,0,
2025-11-27T16:02:25.397056+00:00,https://www.sec.gov/Archives/edgar/data/1819438/000181943825000007/wk-20250801.htm,non_actionable,,0,0,
2025-11-27T16:02:25.973728+00:00,https://www.sec.gov/Archives/edgar/data/1819438/000162828025028027/wk-20250527.htm,non_actionable,,0,0,
2025-11-27T16:02:27.884942+00:00,https://www.sec.gov/Archives/edgar/data/1819438/000162828024045278/wk-20241101.htm,non_actionable,,0,0,
2025-11-27T16:02:27.934203+00:00,https://www.sec.gov/Archives/edgar/data/1420520/000168316825007691/atomera_8k.htm,non_actionable,,0,0,
2025-11-27T16:02:28.899315+00:00,https://www.sec.gov/Archives/edgar/data/1420520/000168316825003780/atomera_8k.htm,non_actionable,,0,0,
2025-11-27T16:02:29.317232+00:00,https://www.sec.gov/Archives/edgar/data/1420520/000168316825001827/atomera_8k.htm,non_actionable,,0,0,
2025-11-27T16:02:29.344054+00:00,https://www.sec.gov/Archives/edgar/data/1420520/000168316825003133/atomera_8k.htm,non_actionable,,0,0,
2025-11-27T16:02:30.032147+00:00,https://www.sec.gov/Archives/edgar/data/1420520/000168316825000567/atomera_8k.htm,non_actionable,,0,0,
2025-11-27T16:02:30.060414+00:00,https://www.sec.gov/Archives/edgar/data/1420520/000168316825001710/atomera_8k.htm,non_actionable,,0,0,
2025-11-27T16:02:31.428637+00:00,https://www.sec.gov/Archives/edgar/data/889348/000199937125010106/cvu_8k-072225.htm,non_actionable,,0,0,
2025-11-27T16:02:31.775654+00:00,https://www.sec.gov/Archives/edgar/data/889348/000199937125008269/cvu-8k_062525.htm,non_actionable,,0,0,
2025-11-27T16:02:32.227714+00:00,https://www.sec.gov/Archives/edgar/data/889348/000199937125005786/cvu-8k_050825.htm,non_actionable,,0,0,
2025-11-27T16:02:32.371973+00:00,https://www.sec.gov/Archives/edgar/data/889348/000199937125004802/cvu-8k_042525.htm,non_actionable,,0,0,
2025-11-27T16:02:32.453216+00:00,https://www.sec.gov/Archives/edgar/data/889348/000199937125004345/cvu-8k_041525.htm,non_actionable,,0,0,
2025-11-27T16:02:33.334116+00:00,https://www.sec.gov/Archives/edgar/data/889348/000183988224039777/cpi-8k_111224.htm,non_actionable,,0,0,
2025-11-27T16:02:33.884802+00:00,https://www.sec.gov/Archives/edgar/data/889348/000199937124014651/cpi-8k_111224.htm,non_actionable,,0,0,
2025-11-27T16:02:34.405239+00:00,https://www.sec.gov/Archives/edgar/data/1579157/000095017025083047/vnce-20250605.htm,non_actionable,,0,0,
2025-11-27T16:02:35.108919+00:00,https://www.sec.gov/Archives/edgar/data/1579157/000095017025051676/vnce-20250404.htm,non_actionable,,0,0,
2025-11-27T16:02:37.370622+00:00,https://www.sec.gov/Archives/edgar/data/1874097/000121390025102240/ea0262386-8k_cyngn.htm,non_actionable,,0,0,
2025-11-27T16:02:37.763498+00:00,https://www.sec.gov/Archives/edgar/data/1874097/000121390025100008/ea026165301-8k_cyngninc.htm,non_actionable,,0,0,
2025-11-27T16:02:37.820088+00:00,https://www.sec.gov/Archives/edgar/data/1874097/000121390025096530/ea026039602-8k_cyngn.htm,non_actionable,,0,0,
2025-11-27T16:02:39.450111+00:00,https://www.sec.gov/Archives/edgar/data/1874097/000121390025052228/ea0244984-8k_cyngn.htm,non_actionable,,0,0,
2025-11-27T16:02:40.147480+00:00,https://www.sec.gov/Archives/edgar/data/1874097/000121390025035576/ea0239509-8k_cyngn.htm,non_actionable,,0,0,
2025-11-27T16:02:40.236229+00:00,https://www.sec.gov/Archives/edgar/data/1874097/000121390025018855/ea023250701-8k_cyngn.htm,non_actionable,,0,0,
2025-11-27T16:02:42.351296+00:00,https://www.sec.gov/Archives/edgar/data/1823466/000119312525260854/d54296d8k.htm,non_actionable,,0,0,
2025-11-27T16:02:44.580621+00:00,https://www.sec.gov/Archives/edgar/data/1823466/000119312525132204/d38984d8k.htm,non_actionable,,0,0,
2025-11-27T16:02:45.572475+00:00,https://www.sec.gov/Archives/edgar/data/1823466/000119312525111656/d945997d8k.htm,non_actionable,,0,0,
2025-11-27T16:02:46.142562+00:00,https://www.sec.gov/Archives/edgar/data/1823466/000095017025053292/note-20250410.htm,non_actionable,,0,0,
2025-11-27T16:02:47.835645+00:00,https://www.sec.gov/Archives/edgar/data/1823466/000119312525032009/d880960d8k.htm,non_actionable,,0,0,
2025-11-27T16:02:49.238568+00:00,https://www.sec.gov/Archives/edgar/data/1823466/000119312525001534/d878392d8k.htm,non_actionable,,0,0,
2025-11-27T16:02:49.855592+00:00,https://www.sec.gov/Archives/edgar/data/1739174/000121390025114833/ea0267116-8k_biomx.htm,non_actionable,,0,0,
2025-11-27T16:02:50.875850+00:00,https://www.sec.gov/Archives/edgar/data/1739174/000121390025099755/ea0261608-8k_biomx.htm,non_actionable,,0,0,
2025-11-27T16:02:51.518361+00:00,https://www.sec.gov/Archives/edgar/data/1739174/000121390025099752/ea0261617-8k_biomx.htm,non_actionable,,0,0,
2025-11-27T16:02:52.029045+00:00,https://www.sec.gov/Archives/edgar/data/1739174/000121390025078196/ea0253854-8k_biomx.htm,non_actionable,,0,0,
2025-11-27T16:02:52.762988+00:00,https://www.sec.gov/Archives/edgar/data/1739174/000121390025068990/ea0250767-8k_biomx.htm,non_actionable,,0,0,
2025-11-27T16:02:55.275979+00:00,https://www.sec.gov/Archives/edgar/data/1739174/000121390024109057/ea0224867-8k_biomx.htm,non_actionable,,0,0,
2025-11-27T16:02:56.010166+00:00,https://www.sec.gov/Archives/edgar/data/2013807/000121390025108203/ea0264583-8k_foxxdeve.htm,non_actionable,,0,0,
2025-11-27T16:02:56.711872+00:00,https://www.sec.gov/Archives/edgar/data/2013807/000121390025040241/ea0240966-8k_foxx.htm,non_actionable,,0,0,
2025-11-27T16:02:56.875938+00:00,https://www.sec.gov/Archives/edgar/data/2013807/000121390025024794/ea0234683-8k_foxxdevelop.htm,non_actionable,,0,0,
2025-11-27T16:02:57.011071+00:00,https://www.sec.gov/Archives/edgar/data/2013807/000121390025016221/ea0231866-8k_foxx.htm,non_actionable,,0,0,
2025-11-27T16:02:57.526710+00:00,https://www.sec.gov/Archives/edgar/data/2053927/000182912625005670/wintergreenacq_8k.htm,non_actionable,,0,0,
2025-11-27T16:02:59.190372+00:00,https://www.sec.gov/Archives/edgar/data/2013807/000121390024102198/ea0222066-8k_foxxdev.htm,non_actionable,,0,0,
2025-11-27T16:02:59.725956+00:00,https://www.sec.gov/Archives/edgar/data/1415311/000119312524260981/d895377d8k.htm,non_actionable,,0,0,
2025-11-27T16:03:00.122759+00:00,https://www.sec.gov/Archives/edgar/data/1587987/000162828025050585/newt-20251107.htm,non_actionable,,0,0,
2025-11-27T16:03:00.895994+00:00,https://www.sec.gov/Archives/edgar/data/1587987/000158798725000169/newt-20250917.htm,non_actionable,,0,0,
2025-11-27T16:03:03.418981+00:00,https://www.sec.gov/Archives/edgar/data/1587987/000158798725000109/newt-20250616.htm,non_actionable,,0,0,
2025-11-27T16:03:03.640796+00:00,https://www.sec.gov/Archives/edgar/data/1587987/000158798725000071/newt-20250423.htm,non_actionable,,0,0,
2025-11-27T16:03:04.063828+00:00,https://www.sec.gov/Archives/edgar/data/1587987/000158798725000069/newt-20250423.htm,non_actionable,,0,0,
2025-11-27T16:03:04.336845+00:00,https://www.sec.gov/Archives/edgar/data/1587987/000158798725000062/newt-20250401.htm,non_actionable,,0,0,
2025-11-27T16:03:05.255694+00:00,https://www.sec.gov/Archives/edgar/data/1587987/000158798725000004/newt-20250103.htm,non_actionable,,0,0,
2025-11-27T16:03:05.368550+00:00,https://www.sec.gov/Archives/edgar/data/1587987/000158798725000002/newt-20250102.htm,non_actionable,,0,0,
2025-11-27T16:03:05.767766+00:00,https://www.sec.gov/Archives/edgar/data/1587987/000158798724000245/newt-20241206.htm,non_actionable,,0,0,
2025-11-27T16:03:06.290476+00:00,https://www.sec.gov/Archives/edgar/data/1587987/000158798724000227/newt-20241101.htm,non_actionable,,0,0,
2025-11-27T16:03:06.476963+00:00,https://www.sec.gov/Archives/edgar/data/1630805/000110465925115041/tm2531811d1_8k.htm,non_actionable,,0,0,
2025-11-27T16:03:07.210094+00:00,https://www.sec.gov/Archives/edgar/data/1630805/000110465925089324/tm2525586d1_8k.htm,non_actionable,,0,0,
2025-11-27T16:03:07.581888+00:00,https://www.sec.gov/Archives/edgar/data/1630805/000110465925084288/tm2524605d1_8k.htm,non_actionable,,0,0,
2025-11-27T16:03:07.900179+00:00,https://www.sec.gov/Archives/edgar/data/1630805/000110465925083325/tm2524462d1_8k.htm,non_actionable,,0,0,
2025-11-27T16:03:08.328598+00:00,https://www.sec.gov/Archives/edgar/data/1630805/000110465925066984/tm2520087d1_8k.htm,non_actionable,,0,0,
2025-11-27T16:03:08.606367+00:00,https://www.sec.gov/Archives/edgar/data/1630805/000110465925059612/tm2517989d1_8k.htm,non_actionable,,0,0,
2025-11-27T16:03:09.360248+00:00,https://www.sec.gov/Archives/edgar/data/1630805/000110465925058135/tm2517543d1_8k.htm,non_actionable,,0,0,
2025-11-27T16:03:10.016476+00:00,https://www.sec.gov/Archives/edgar/data/1630805/000110465925051300/tm2515439d1_8k.htm,non_actionable,,0,0,
2025-11-27T16:03:11.874027+00:00,https://www.sec.gov/Archives/edgar/data/1630805/000110465925024123/tm259226d1_8k.htm,non_actionable,,0,0,
2025-11-27T16:03:12.017269+00:00,https://www.sec.gov/Archives/edgar/data/1630805/000110465925020869/tm258238d1_8k.htm,non_actionable,,0,0,
2025-11-27T16:03:12.243808+00:00,https://www.sec.gov/Archives/edgar/data/1630805/000110465924127802/tm2430890d1_8k.htm,non_actionable,,0,0,
2025-11-27T16:03:17.599697+00:00,https://www.sec.gov/Archives/edgar/data/1089907/000162828025043460/swkh-20251001.htm,non_actionable,,0,0,
2025-11-27T16:03:18.820064+00:00,https://www.sec.gov/Archives/edgar/data/1089907/000162828025026397/swkh-20250519.htm,non_actionable,,0,0,
2025-11-27T16:03:18.896429+00:00,https://www.sec.gov/Archives/edgar/data/1089907/000162828025031621/swkh-20250616.htm,non_actionable,,0,0,
2025-11-27T16:03:26.703566+00:00,https://www.sec.gov/Archives/edgar/data/1889450/000164117225001125/form8-k.htm,non_actionable,,0,0,
2025-11-27T16:03:26.913894+00:00,https://www.sec.gov/Archives/edgar/data/1889450/000149315225007856/form8-k.htm,non_actionable,,0,0,
2025-11-27T16:03:27.260986+00:00,https://www.sec.gov/Archives/edgar/data/1889450/000149315225006207/form8-k.htm,non_actionable,,0,0,
2025-11-27T16:03:28.196953+00:00,https://www.sec.gov/Archives/edgar/data/1889450/000149315225003343/form8-k.htm,non_actionable,,0,0,
2025-11-27T16:03:28.283550+00:00,https://www.sec.gov/Archives/edgar/data/1889450/000149315225003009/form8-k.htm,non_actionable,,0,0,
2025-11-27T16:03:28.523695+00:00,https://www.sec.gov/Archives/edgar/data/1889450/000149315225001346/form8-k.htm,non_actionable,,0,0,
2025-11-27T16:03:28.823131+00:00,https://www.sec.gov/Archives/edgar/data/1889450/000149315224049964/form8-k.htm,non_actionable,,0,0,
2025-11-27T16:03:28.931468+00:00,https://www.sec.gov/Archives/edgar/data/1889450/000149315224049977/form8-k.htm,non_actionable,,0,0,
2025-11-27T16:03:29.379161+00:00,https://www.sec.gov/Archives/edgar/data/1889450/000149315224047777/form8-k.htm,non_actionable,,0,0,
2025-11-27T16:03:30.020743+00:00,https://www.sec.gov/Archives/edgar/data/1889450/000149315224047337/form8-k.htm,non_actionable,,0,0,
2025-11-27T16:03:31.202738+00:00,https://www.sec.gov/Archives/edgar/data/1332551/000095017025082318/acr-20250605.htm,non_actionable,,0,0,
