url,form_type,status,note,source,extra
https://www.sec.gov/Archives/edgar/data/1683541/000127956925001175/aurora_6k.htm?form=6-K,6-K,Missing OCF,values parsed from EDGAR XBRL: https://www.sec.gov/Archives/edgar/data/1683541/000127956925001175/aurora_6k.htm?form=6-K,,path=edgar_financials
https://www.sec.gov/Archives/edgar/data/1683541/000162828025049248/form6-k20250930q22026.htm?form=6-K,6-K,Missing OCF,values parsed from EDGAR XBRL: https://www.sec.gov/Archives/edgar/data/1683541/000162828025049248/form6-k20250930q22026.htm?form=6-K,,path=edgar_financials
https://www.sec.gov/Archives/edgar/data/1683541/000127956925001141/aurora_6k.htm?form=6-K,6-K,Missing OCF,values parsed from EDGAR XBRL: https://www.sec.gov/Archives/edgar/data/1683541/000127956925001141/aurora_6k.htm?form=6-K,,path=edgar_financials
https://www.sec.gov/Archives/edgar/data/1683541/000127956925001017/aurora_6k.htm?form=6-K,6-K,Missing OCF,values parsed from EDGAR XBRL: https://www.sec.gov/Archives/edgar/data/1683541/000127956925001017/aurora_6k.htm?form=6-K,,path=edgar_financials
https://www.sec.gov/Archives/edgar/data/1683541/000127956925000864/aurora_6k.htm?form=6-K,6-K,Missing OCF,values parsed from EDGAR XBRL: https://www.sec.gov/Archives/edgar/data/1683541/000127956925000864/aurora_6k.htm?form=6-K,,path=edgar_financials
https://www.sec.gov/Archives/edgar/data/1683541/000127956925000862/aurora_6k.htm?form=6-K,6-K,Missing OCF,values parsed from EDGAR XBRL: https://www.sec.gov/Archives/edgar/data/1683541/000127956925000862/aurora_6k.htm?form=6-K,,path=edgar_financials
https://www.sec.gov/Archives/edgar/data/1683541/000127956925000828/aurora_6k.htm?form=6-K,6-K,Missing OCF,values parsed from EDGAR XBRL: https://www.sec.gov/Archives/edgar/data/1683541/000127956925000828/aurora_6k.htm?form=6-K,,path=edgar_financials
https://www.sec.gov/Archives/edgar/data/1683541/000168354125000015/form6-k20250630q12026.htm?form=6-K,6-K,Missing OCF,values parsed from EDGAR XBRL: https://www.sec.gov/Archives/edgar/data/1683541/000168354125000015/form6-k20250630q12026.htm?form=6-K,,path=edgar_financials
https://www.sec.gov/Archives/edgar/data/1683541/000127956925000806/aurora_6k.htm?form=6-K,6-K,Missing OCF,values parsed from EDGAR XBRL: https://www.sec.gov/Archives/edgar/data/1683541/000127956925000806/aurora_6k.htm?form=6-K,,path=edgar_financials
https://www.sec.gov/Archives/edgar/data/1683541/000127956925000785/aurora_6k.htm?form=6-K,6-K,Missing OCF,values parsed from EDGAR XBRL: https://www.sec.gov/Archives/edgar/data/1683541/000127956925000785/aurora_6k.htm?form=6-K,,path=edgar_financials
https://www.sec.gov/Archives/edgar/data/1683541/000127956925000731/aurora_6k.htm?form=6-K,6-K,Missing OCF,values parsed from EDGAR XBRL: https://www.sec.gov/Archives/edgar/data/1683541/000127956925000731/aurora_6k.htm?form=6-K,,path=edgar_financials
https://www.sec.gov/Archives/edgar/data/1683541/000127956925000711/aurora_6k.htm?form=6-K,6-K,Missing OCF,values parsed from EDGAR XBRL: https://www.sec.gov/Archives/edgar/data/1683541/000127956925000711/aurora_6k.htm?form=6-K,,path=edgar_financials
https://www.sec.gov/Archives/edgar/data/1683541/000127956925000708/aurora_6k.htm?form=6-K,6-K,Missing OCF,values parsed from EDGAR XBRL: https://www.sec.gov/Archives/edgar/data/1683541/000127956925000708/aurora_6k.htm?form=6-K,,path=edgar_financials
https://www.sec.gov/Archives/edgar/data/1683541/000127956925000645/aurora_6k.htm?form=6-K,6-K,Missing OCF,values parsed from EDGAR XBRL: https://www.sec.gov/Archives/edgar/data/1683541/000127956925000645/aurora_6k.htm?form=6-K,,path=edgar_financials
https://www.sec.gov/Archives/edgar/data/1683541/000127956925000641/aurora_6k.htm?form=6-K,6-K,Missing OCF,values parsed from EDGAR XBRL: https://www.sec.gov/Archives/edgar/data/1683541/000127956925000641/aurora_6k.htm?form=6-K,,path=edgar_financials
https://www.sec.gov/Archives/edgar/data/1683541/000127956925000634/aurora_6k.htm?form=6-K,6-K,Missing OCF,values parsed from EDGAR XBRL: https://www.sec.gov/Archives/edgar/data/1683541/000127956925000634/aurora_6k.htm?form=6-K,,path=edgar_financials
https://www.sec.gov/Archives/edgar/data/1683541/000127956925000577/aurora_6k.htm?form=6-K,6-K,Missing OCF,values parsed from EDGAR XBRL: https://www.sec.gov/Archives/edgar/data/1683541/000127956925000577/aurora_6k.htm?form=6-K,,path=edgar_financials
https://www.sec.gov/Archives/edgar/data/2009233/000121390025115472/ea0266241-6k_agroz.htm?form=6-K,6-K,Missing OCF,values parsed from EDGAR XBRL: https://www.sec.gov/Archives/edgar/data/2009233/000121390025115472/ea0266241-6k_agroz.htm?form=6-K,,path=edgar_financials
https://www.sec.gov/Archives/edgar/data/2009233/000121390025112556/ea0266448-6k_agrozinc.htm?form=6-K,6-K,Missing OCF,values parsed from EDGAR XBRL: https://www.sec.gov/Archives/edgar/data/2009233/000121390025112556/ea0266448-6k_agrozinc.htm?form=6-K,,path=edgar_financials
https://www.sec.gov/Archives/edgar/data/2009233/000121390025096228/ea0259892-6k_agroz.htm?form=6-K,6-K,Missing OCF,values parsed from EDGAR XBRL: https://www.sec.gov/Archives/edgar/data/2009233/000121390025096228/ea0259892-6k_agroz.htm?form=6-K,,path=edgar_financials
https://www.sec.gov/Archives/edgar/data/2009233/000121390025046757/ea0239453-20f_agrozinc.htm?form=20-F,20-F,Missing OCF,values parsed from EDGAR XBRL: https://www.sec.gov/Archives/edgar/data/2009233/000121390025046757/ea0239453-20f_agrozinc.htm?form=20-F,,path=edgar_financials
https://www.sec.gov/Archives/edgar/data/2025774/000149315225020332/form20-f.htm?form=20-F,20-F,Missing OCF,values parsed from EDGAR XBRL: https://www.sec.gov/Archives/edgar/data/2025774/000149315225020332/form20-f.htm?form=20-F,,path=edgar_financials
https://www.sec.gov/Archives/edgar/data/2025774/000149315225020312/form6-ka.htm?form=6-K,6-K,Missing OCF,values parsed from EDGAR XBRL: https://www.sec.gov/Archives/edgar/data/2025774/000149315225020312/form6-ka.htm?form=6-K,,path=edgar_financials
https://www.sec.gov/Archives/edgar/data/2025774/000149315225020140/form6-k.htm?form=6-K,6-K,Missing OCF,values parsed from EDGAR XBRL: https://www.sec.gov/Archives/edgar/data/2025774/000149315225020140/form6-k.htm?form=6-K,,path=edgar_financials
https://www.sec.gov/Archives/edgar/data/2025774/000149315225017683/form6-k.htm?form=6-K,6-K,Missing OCF,values parsed from EDGAR XBRL: https://www.sec.gov/Archives/edgar/data/2025774/000149315225017683/form6-k.htm?form=6-K,,path=edgar_financials
https://www.sec.gov/Archives/edgar/data/894871/000164117225007916/form10-ka.htm?form=10-K,10-K,Missing OCF,values parsed from EDGAR XBRL: https://www.sec.gov/Archives/edgar/data/894871/000164117225007916/form10-ka.htm?form=10-K,,path=edgar_financials
https://www.sec.gov/Archives/edgar/data/1005516/000121390025114608/ea0267105-6k_bosbet.htm?form=6-K,6-K,Missing OCF,values parsed from EDGAR XBRL: https://www.sec.gov/Archives/edgar/data/1005516/000121390025114608/ea0267105-6k_bosbet.htm?form=6-K,,path=edgar_financials
https://www.sec.gov/Archives/edgar/data/1005516/000121390025103961/ea0263141-6k_bosbetter.htm?form=6-K,6-K,Missing OCF,values parsed from EDGAR XBRL: https://www.sec.gov/Archives/edgar/data/1005516/000121390025103961/ea0263141-6k_bosbetter.htm?form=6-K,,path=edgar_financials
https://www.sec.gov/Archives/edgar/data/1005516/000121390025101533/ea0262093-6k_bosbetter.htm?form=6-K,6-K,Missing OCF,values parsed from EDGAR XBRL: https://www.sec.gov/Archives/edgar/data/1005516/000121390025101533/ea0262093-6k_bosbetter.htm?form=6-K,,path=edgar_financials
https://www.sec.gov/Archives/edgar/data/1786286/000149315225024120/form6-k.htm?form=6-K,6-K,Missing OCF,values parsed from EDGAR XBRL: https://www.sec.gov/Archives/edgar/data/1786286/000149315225024120/form6-k.htm?form=6-K,,path=edgar_financials
https://www.sec.gov/Archives/edgar/data/1786286/000149315225023300/form6-k.htm?form=6-K,6-K,Missing OCF,values parsed from EDGAR XBRL: https://www.sec.gov/Archives/edgar/data/1786286/000149315225023300/form6-k.htm?form=6-K,,path=edgar_financials
https://www.sec.gov/Archives/edgar/data/1786286/000149315225021962/form6-k.htm?form=6-K,6-K,Incomplete,values parsed from EDGAR XBRL: https://www.sec.gov/Archives/edgar/data/1786286/000149315225021962/form6-k.htm?form=6-K,,path=edgar_financials
https://www.sec.gov/Archives/edgar/data/1786286/000149315225019142/form6-k.htm?form=6-K,6-K,Missing OCF,values parsed from EDGAR XBRL: https://www.sec.gov/Archives/edgar/data/1786286/000149315225019142/form6-k.htm?form=6-K,,path=edgar_financials
https://www.sec.gov/Archives/edgar/data/1786286/000149315225018973/form6-k.htm?form=6-K,6-K,Missing OCF,values parsed from EDGAR XBRL: https://www.sec.gov/Archives/edgar/data/1786286/000149315225018973/form6-k.htm?form=6-K,,path=edgar_financials
https://www.sec.gov/Archives/edgar/data/1786286/000149315225018834/form6-k.htm?form=6-K,6-K,Missing OCF,values parsed from EDGAR XBRL: https://www.sec.gov/Archives/edgar/data/1786286/000149315225018834/form6-k.htm?form=6-K,,path=edgar_financials
https://www.sec.gov/Archives/edgar/data/1786286/000149315225018297/form6-k.htm?form=6-K,6-K,Missing OCF,values parsed from EDGAR XBRL: https://www.sec.gov/Archives/edgar/data/1786286/000149315225018297/form6-k.htm?form=6-K,,path=edgar_financials
https://www.sec.gov/Archives/edgar/data/1786286/000149315225017815/form6-k.htm?form=6-K,6-K,Missing OCF,values parsed from EDGAR XBRL: https://www.sec.gov/Archives/edgar/data/1786286/000149315225017815/form6-k.htm?form=6-K,,path=edgar_financials
https://www.sec.gov/Archives/edgar/data/1786286/000149315225017794/form6-k.htm?form=6-K,6-K,Missing OCF,values parsed from EDGAR XBRL: https://www.sec.gov/Archives/edgar/data/1786286/000149315225017794/form6-k.htm?form=6-K,,path=edgar_financials
https://www.sec.gov/Archives/edgar/data/1786286/000149315225017717/form6-k.htm?form=6-K,6-K,Missing OCF,values parsed from EDGAR XBRL: https://www.sec.gov/Archives/edgar/data/1786286/000149315225017717/form6-k.htm?form=6-K,,path=edgar_financials
https://www.sec.gov/Archives/edgar/data/1786286/000149315225017623/form6-k.htm?form=6-K,6-K,Missing OCF,values parsed from EDGAR XBRL: https://www.sec.gov/Archives/edgar/data/1786286/000149315225017623/form6-k.htm?form=6-K,,path=edgar_financials
https://www.sec.gov/Archives/edgar/data/1786286/000149315225016255/form6-k.htm?form=6-K,6-K,Missing OCF,values parsed from EDGAR XBRL: https://www.sec.gov/Archives/edgar/data/1786286/000149315225016255/form6-k.htm?form=6-K,,path=edgar_financials
https://www.sec.gov/Archives/edgar/data/1786286/000149315225013714/form6-k.htm?form=6-K,6-K,Missing OCF,values parsed from EDGAR XBRL: https://www.sec.gov/Archives/edgar/data/1786286/000149315225013714/form6-k.htm?form=6-K,,path=edgar_financials
https://www.sec.gov/Archives/edgar/data/1786286/000149315225012592/form6-k.htm?form=6-K,6-K,Missing OCF,values parsed from EDGAR XBRL: https://www.sec.gov/Archives/edgar/data/1786286/000149315225012592/form6-k.htm?form=6-K,,path=edgar_financials
https://www.sec.gov/Archives/edgar/data/1786286/000149315225012426/form6-k.htm?form=6-K,6-K,Missing OCF,values parsed from EDGAR XBRL: https://www.sec.gov/Archives/edgar/data/1786286/000149315225012426/form6-k.htm?form=6-K,,path=edgar_financials
https://www.sec.gov/Archives/edgar/data/1786286/000149315225012321/form6-k.htm?form=6-K,6-K,Missing OCF,values parsed from EDGAR XBRL: https://www.sec.gov/Archives/edgar/data/1786286/000149315225012321/form6-k.htm?form=6-K,,path=edgar_financials
https://www.sec.gov/Archives/edgar/data/1786286/000149315225011818/form6-k.htm?form=6-K,6-K,Missing OCF,values parsed from EDGAR XBRL: https://www.sec.gov/Archives/edgar/data/1786286/000149315225011818/form6-k.htm?form=6-K,,path=edgar_financials
https://www.sec.gov/Archives/edgar/data/1786286/000149315225011811/form6-k.htm?form=6-K,6-K,Incomplete,values parsed from EDGAR XBRL: https://www.sec.gov/Archives/edgar/data/1786286/000149315225011811/form6-k.htm?form=6-K,,path=edgar_financials
https://www.sec.gov/Archives/edgar/data/1786286/000149315225011743/form6-k.htm?form=6-K,6-K,Missing OCF,values parsed from EDGAR XBRL: https://www.sec.gov/Archives/edgar/data/1786286/000149315225011743/form6-k.htm?form=6-K,,path=edgar_financials
https://www.sec.gov/Archives/edgar/data/1786286/000149315225011616/form6-k.htm?form=6-K,6-K,Missing OCF,values parsed from EDGAR XBRL: https://www.sec.gov/Archives/edgar/data/1786286/000149315225011616/form6-k.htm?form=6-K,,path=edgar_financials
https://www.sec.gov/Archives/edgar/data/1786286/000149315225011529/form6-k.htm?form=6-K,6-K,Missing OCF,values parsed from EDGAR XBRL: https://www.sec.gov/Archives/edgar/data/1786286/000149315225011529/form6-k.htm?form=6-K,,path=edgar_financials
https://www.sec.gov/Archives/edgar/data/1786286/000164117225020460/form6-k.htm?form=6-K,6-K,Missing OCF,values parsed from EDGAR XBRL: https://www.sec.gov/Archives/edgar/data/1786286/000164117225020460/form6-k.htm?form=6-K,,path=edgar_financials
https://www.sec.gov/Archives/edgar/data/1786286/000149315225011292/form6-k.htm?form=6-K,6-K,Missing OCF,values parsed from EDGAR XBRL: https://www.sec.gov/Archives/edgar/data/1786286/000149315225011292/form6-k.htm?form=6-K,,path=edgar_financials
https://www.sec.gov/Archives/edgar/data/1786286/000149315225011290/form6-k.htm?form=6-K,6-K,Missing OCF,values parsed from EDGAR XBRL: https://www.sec.gov/Archives/edgar/data/1786286/000149315225011290/form6-k.htm?form=6-K,,path=edgar_financials
https://www.sec.gov/Archives/edgar/data/1786286/000164117225015812/form6-k.htm?form=6-K,6-K,Missing OCF,values parsed from EDGAR XBRL: https://www.sec.gov/Archives/edgar/data/1786286/000164117225015812/form6-k.htm?form=6-K,,path=edgar_financials
https://www.sec.gov/Archives/edgar/data/1786286/000164117225015374/form6-k.htm?form=6-K,6-K,Missing OCF,values parsed from EDGAR XBRL: https://www.sec.gov/Archives/edgar/data/1786286/000164117225015374/form6-k.htm?form=6-K,,path=edgar_financials
https://www.sec.gov/Archives/edgar/data/1786286/000164117225014919/form6-k.htm?form=6-K,6-K,Missing OCF,values parsed from EDGAR XBRL: https://www.sec.gov/Archives/edgar/data/1786286/000164117225014919/form6-k.htm?form=6-K,,path=edgar_financials
https://www.sec.gov/Archives/edgar/data/1786286/000164117225014822/form6-k.htm?form=6-K,6-K,Missing OCF,values parsed from EDGAR XBRL: https://www.sec.gov/Archives/edgar/data/1786286/000164117225014822/form6-k.htm?form=6-K,,path=edgar_financials
https://www.sec.gov/Archives/edgar/data/1786286/000164117225014642/form6-k.htm?form=6-K,6-K,Missing OCF,values parsed from EDGAR XBRL: https://www.sec.gov/Archives/edgar/data/1786286/000164117225014642/form6-k.htm?form=6-K,,path=edgar_financials
https://www.sec.gov/Archives/edgar/data/1786286/000164117225014478/form6-k.htm?form=6-K,6-K,Missing OCF,values parsed from EDGAR XBRL: https://www.sec.gov/Archives/edgar/data/1786286/000164117225014478/form6-k.htm?form=6-K,,path=edgar_financials
https://www.sec.gov/Archives/edgar/data/1786286/000164117225014259/form6-k.htm?form=6-K,6-K,Missing OCF,values parsed from EDGAR XBRL: https://www.sec.gov/Archives/edgar/data/1786286/000164117225014259/form6-k.htm?form=6-K,,path=edgar_financials
https://www.sec.gov/Archives/edgar/data/1786286/000164117225013747/form6-k.htm?form=6-K,6-K,Missing OCF,values parsed from EDGAR XBRL: https://www.sec.gov/Archives/edgar/data/1786286/000164117225013747/form6-k.htm?form=6-K,,path=edgar_financials
https://www.sec.gov/Archives/edgar/data/1786286/000164117225013575/form6-k.htm?form=6-K,6-K,Missing OCF,values parsed from EDGAR XBRL: https://www.sec.gov/Archives/edgar/data/1786286/000164117225013575/form6-k.htm?form=6-K,,path=edgar_financials
https://www.sec.gov/Archives/edgar/data/1318885/000091957425007161/d12047016_6k.htm?form=6-K,6-K,Missing OCF,values parsed from EDGAR XBRL: https://www.sec.gov/Archives/edgar/data/1318885/000091957425007161/d12047016_6k.htm?form=6-K,,path=edgar_financials
https://www.sec.gov/Archives/edgar/data/1318885/000091957425007149/d12045236_6-k.htm?form=6-K,6-K,Missing OCF,values parsed from EDGAR XBRL: https://www.sec.gov/Archives/edgar/data/1318885/000091957425007149/d12045236_6-k.htm?form=6-K,,path=edgar_financials
https://www.sec.gov/Archives/edgar/data/1318885/000091957425007147/d12044974_6-k.htm?form=6-K,6-K,Missing OCF,values parsed from EDGAR XBRL: https://www.sec.gov/Archives/edgar/data/1318885/000091957425007147/d12044974_6-k.htm?form=6-K,,path=edgar_financials
https://www.sec.gov/Archives/edgar/data/1318885/000091957425007121/d12044595_6k.htm?form=6-K,6-K,Missing OCF,values parsed from EDGAR XBRL: https://www.sec.gov/Archives/edgar/data/1318885/000091957425007121/d12044595_6k.htm?form=6-K,,path=edgar_financials
https://www.sec.gov/Archives/edgar/data/1318885/000091957425007120/d12044296_6k.htm?form=6-K,6-K,Missing OCF,values parsed from EDGAR XBRL: https://www.sec.gov/Archives/edgar/data/1318885/000091957425007120/d12044296_6k.htm?form=6-K,,path=edgar_financials
https://www.sec.gov/Archives/edgar/data/1318885/000091957425007083/d12042249_6-k.htm?form=6-K,6-K,Missing OCF,values parsed from EDGAR XBRL: https://www.sec.gov/Archives/edgar/data/1318885/000091957425007083/d12042249_6-k.htm?form=6-K,,path=edgar_financials
https://www.sec.gov/Archives/edgar/data/1318885/000091957425006545/d12037465_6k.htm?form=6-K,6-K,Missing OCF,values parsed from EDGAR XBRL: https://www.sec.gov/Archives/edgar/data/1318885/000091957425006545/d12037465_6k.htm?form=6-K,,path=edgar_financials
https://www.sec.gov/Archives/edgar/data/1318885/000091957425006393/d12032781_6-k.htm?form=6-K,6-K,Missing OCF,values parsed from EDGAR XBRL: https://www.sec.gov/Archives/edgar/data/1318885/000091957425006393/d12032781_6-k.htm?form=6-K,,path=edgar_financials
https://www.sec.gov/Archives/edgar/data/1318885/000091957425006215/d12024497_6-k.htm?form=6-K,6-K,Missing OCF,values parsed from EDGAR XBRL: https://www.sec.gov/Archives/edgar/data/1318885/000091957425006215/d12024497_6-k.htm?form=6-K,,path=edgar_financials
https://www.sec.gov/Archives/edgar/data/1318885/000091957425006127/d12020344_6-k.htm?form=6-K,6-K,Missing OCF,values parsed from EDGAR XBRL: https://www.sec.gov/Archives/edgar/data/1318885/000091957425006127/d12020344_6-k.htm?form=6-K,,path=edgar_financials
https://www.sec.gov/Archives/edgar/data/1318885/000091957425005921/d12010845_6k.htm?form=6-K,6-K,Missing OCF,values parsed from EDGAR XBRL: https://www.sec.gov/Archives/edgar/data/1318885/000091957425005921/d12010845_6k.htm?form=6-K,,path=edgar_financials
https://www.sec.gov/Archives/edgar/data/1318885/000091957425005887/d12007185_6-k.htm?form=6-K,6-K,Missing OCF,values parsed from EDGAR XBRL: https://www.sec.gov/Archives/edgar/data/1318885/000091957425005887/d12007185_6-k.htm?form=6-K,,path=edgar_financials
https://www.sec.gov/Archives/edgar/data/1318885/000091957425005788/d11996790_6-k.htm?form=6-K,6-K,Missing OCF,values parsed from EDGAR XBRL: https://www.sec.gov/Archives/edgar/data/1318885/000091957425005788/d11996790_6-k.htm?form=6-K,,path=edgar_financials
https://www.sec.gov/Archives/edgar/data/1318885/000091957425005770/d11992526_6-k.htm?form=6-K,6-K,Missing OCF,values parsed from EDGAR XBRL: https://www.sec.gov/Archives/edgar/data/1318885/000091957425005770/d11992526_6-k.htm?form=6-K,,path=edgar_financials
https://www.sec.gov/Archives/edgar/data/1318885/000091957425004591/d11962142_6-k.htm?form=6-K,6-K,Missing OCF,values parsed from EDGAR XBRL: https://www.sec.gov/Archives/edgar/data/1318885/000091957425004591/d11962142_6-k.htm?form=6-K,,path=edgar_financials
https://www.sec.gov/Archives/edgar/data/1318885/000091957425004419/d11960186_6k.htm?form=6-K,6-K,Missing OCF,values parsed from EDGAR XBRL: https://www.sec.gov/Archives/edgar/data/1318885/000091957425004419/d11960186_6k.htm?form=6-K,,path=edgar_financials
https://www.sec.gov/Archives/edgar/data/1318885/000091957425004279/d11954210_6-k.htm?form=6-K,6-K,Missing OCF,values parsed from EDGAR XBRL: https://www.sec.gov/Archives/edgar/data/1318885/000091957425004279/d11954210_6-k.htm?form=6-K,,path=edgar_financials
https://www.sec.gov/Archives/edgar/data/1318885/000091957425004277/d11954204_6-k.htm?form=6-K,6-K,Missing OCF,values parsed from EDGAR XBRL: https://www.sec.gov/Archives/edgar/data/1318885/000091957425004277/d11954204_6-k.htm?form=6-K,,path=edgar_financials
https://www.sec.gov/Archives/edgar/data/1318885/000091957425004249/d11861597_6k.htm?form=6-K,6-K,Missing OCF,values parsed from EDGAR XBRL: https://www.sec.gov/Archives/edgar/data/1318885/000091957425004249/d11861597_6k.htm?form=6-K,,path=edgar_financials
https://www.sec.gov/Archives/edgar/data/1318885/000091957425004232/d11860340_6k.htm?form=6-K,6-K,Missing OCF,values parsed from EDGAR XBRL: https://www.sec.gov/Archives/edgar/data/1318885/000091957425004232/d11860340_6k.htm?form=6-K,,path=edgar_financials
https://www.sec.gov/Archives/edgar/data/1318885/000091957425003849/d11840504_6k.htm?form=6-K,6-K,Missing OCF,values parsed from EDGAR XBRL: https://www.sec.gov/Archives/edgar/data/1318885/000091957425003849/d11840504_6k.htm?form=6-K,,path=edgar_financials
https://www.sec.gov/Archives/edgar/data/1318885/000091957425003622/d11827417_6k.htm?form=6-K,6-K,Missing OCF,values parsed from EDGAR XBRL: https://www.sec.gov/Archives/edgar/data/1318885/000091957425003622/d11827417_6k.htm?form=6-K,,path=edgar_financials
https://www.sec.gov/Archives/edgar/data/1318885/000091957425003546/d11822649_6-k.htm?form=6-K,6-K,Missing OCF,values parsed from EDGAR XBRL: https://www.sec.gov/Archives/edgar/data/1318885/000091957425003546/d11822649_6-k.htm?form=6-K,,path=edgar_financials
https://www.sec.gov/Archives/edgar/data/1318885/000091957425003467/d11817931_6-k.htm?form=6-K,6-K,Missing OCF,values parsed from EDGAR XBRL: https://www.sec.gov/Archives/edgar/data/1318885/000091957425003467/d11817931_6-k.htm?form=6-K,,path=edgar_financials
https://www.sec.gov/Archives/edgar/data/1318885/000091957425003466/d11819155_6-k.htm?form=6-K,6-K,Missing OCF,values parsed from EDGAR XBRL: https://www.sec.gov/Archives/edgar/data/1318885/000091957425003466/d11819155_6-k.htm?form=6-K,,path=edgar_financials
https://www.sec.gov/Archives/edgar/data/1041934/000117184325007449/f6k_112025.htm?form=6-K,6-K,Missing OCF,values parsed from EDGAR XBRL: https://www.sec.gov/Archives/edgar/data/1041934/000117184325007449/f6k_112025.htm?form=6-K,,path=edgar_financials
https://www.sec.gov/Archives/edgar/data/1041934/000117184325007394/f6k_111825.htm?form=6-K,6-K,Missing OCF,values parsed from EDGAR XBRL: https://www.sec.gov/Archives/edgar/data/1041934/000117184325007394/f6k_111825.htm?form=6-K,,path=edgar_financials
https://www.sec.gov/Archives/edgar/data/1041934/000117184325007072/f6k_110625.htm?form=6-K,6-K,Missing OCF,values parsed from EDGAR XBRL: https://www.sec.gov/Archives/edgar/data/1041934/000117184325007072/f6k_110625.htm?form=6-K,,path=edgar_financials
https://www.sec.gov/Archives/edgar/data/1041934/000117184325006522/f6k_102025.htm?form=6-K,6-K,Missing OCF,values parsed from EDGAR XBRL: https://www.sec.gov/Archives/edgar/data/1041934/000117184325006522/f6k_102025.htm?form=6-K,,path=edgar_financials
https://www.sec.gov/Archives/edgar/data/1041934/000117184325005786/f6k_090825.htm?form=6-K,6-K,Missing OCF,values parsed from EDGAR XBRL: https://www.sec.gov/Archives/edgar/data/1041934/000117184325005786/f6k_090825.htm?form=6-K,,path=edgar_financials
https://www.sec.gov/Archives/edgar/data/1041934/000117184325005765/f6k_090825.htm?form=6-K,6-K,Missing OCF,values parsed from EDGAR XBRL: https://www.sec.gov/Archives/edgar/data/1041934/000117184325005765/f6k_090825.htm?form=6-K,,path=edgar_financials
https://www.sec.gov/Archives/edgar/data/1041934/000117184325005622/f6k_082825.htm?form=6-K,6-K,Missing OCF,values parsed from EDGAR XBRL: https://www.sec.gov/Archives/edgar/data/1041934/000117184325005622/f6k_082825.htm?form=6-K,,path=edgar_financials
https://www.sec.gov/Archives/edgar/data/1041934/000117184325005588/f6k_082625.htm?form=6-K,6-K,Missing OCF,values parsed from EDGAR XBRL: https://www.sec.gov/Archives/edgar/data/1041934/000117184325005588/f6k_082625.htm?form=6-K,,path=edgar_financials
https://www.sec.gov/Archives/edgar/data/1041934/000117184325004246/f6k_070125.htm?form=6-K,6-K,Missing OCF,values parsed from EDGAR XBRL: https://www.sec.gov/Archives/edgar/data/1041934/000117184325004246/f6k_070125.htm?form=6-K,,path=edgar_financials
https://www.sec.gov/Archives/edgar/data/1041934/000117184325003572/f6k_060225.htm?form=6-K,6-K,Missing OCF,values parsed from EDGAR XBRL: https://www.sec.gov/Archives/edgar/data/1041934/000117184325003572/f6k_060225.htm?form=6-K,,path=edgar_financials
https://www.sec.gov/Archives/edgar/data/2075816/000121390025110007/ea0264585-10q_emmis.htm?form=10-Q,10-Q,Missing OCF,values parsed from EDGAR XBRL: https://www.sec.gov/Archives/edgar/data/2075816/000121390025110007/ea0264585-10q_emmis.htm?form=10-Q,,path=edgar_financials
https://www.sec.gov/Archives/edgar/data/2075816/000121390025106172/ea0263299-10q_emmisacq.htm?form=10-Q,10-Q,Missing OCF,values parsed from EDGAR XBRL: https://www.sec.gov/Archives/edgar/data/2075816/000121390025106172/ea0263299-10q_emmisacq.htm?form=10-Q,,path=edgar_financials
https://www.sec.gov/Archives/edgar/data/2028699/000121390025107239/ea0261738-10q_dynamix.htm?form=10-Q,10-Q,Incomplete,values parsed from EDGAR XBRL: https://www.sec.gov/Archives/edgar/data/2028699/000121390025107239/ea0261738-10q_dynamix.htm?form=10-Q,,path=edgar_financials
https://www.sec.gov/Archives/edgar/data/2028699/000121390025075657/ea0252415-10q_dynamix.htm?form=10-Q,10-Q,Incomplete,values parsed from EDGAR XBRL: https://www.sec.gov/Archives/edgar/data/2028699/000121390025075657/ea0252415-10q_dynamix.htm?form=10-Q,,path=edgar_financials
https://www.sec.gov/Archives/edgar/data/1966287/000121390025106857/ea0264337-6k_greenfire.htm?form=6-K,6-K,Missing OCF,values parsed from EDGAR XBRL: https://www.sec.gov/Archives/edgar/data/1966287/000121390025106857/ea0264337-6k_greenfire.htm?form=6-K,,path=edgar_financials
https://www.sec.gov/Archives/edgar/data/1966287/000121390025105629/ea0263834-6k_greenfire.htm?form=6-K,6-K,Missing OCF,values parsed from EDGAR XBRL: https://www.sec.gov/Archives/edgar/data/1966287/000121390025105629/ea0263834-6k_greenfire.htm?form=6-K,,path=edgar_financials
https://www.sec.gov/Archives/edgar/data/1966287/000121390025073065/ea0252225-6k_greenfire.htm?form=6-K,6-K,Missing OCF,values parsed from EDGAR XBRL: https://www.sec.gov/Archives/edgar/data/1966287/000121390025073065/ea0252225-6k_greenfire.htm?form=6-K,,path=edgar_financials
https://www.sec.gov/Archives/edgar/data/1966287/000121390025025189/ea0234745-40f_greenfire.htm?form=40-F,40-F,Missing OCF,values parsed from EDGAR XBRL: https://www.sec.gov/Archives/edgar/data/1966287/000121390025025189/ea0234745-40f_greenfire.htm?form=40-F,,path=edgar_financials
https://www.sec.gov/Archives/edgar/data/1538847/000143774925034226/gldmn20251111_6k.htm?form=6-K,6-K,Missing OCF,values parsed from EDGAR XBRL: https://www.sec.gov/Archives/edgar/data/1538847/000143774925034226/gldmn20251111_6k.htm?form=6-K,,path=edgar_financials
https://www.sec.gov/Archives/edgar/data/1538847/000143774925031311/gldmn20251019_6k.htm?form=6-K,6-K,Missing OCF,values parsed from EDGAR XBRL: https://www.sec.gov/Archives/edgar/data/1538847/000143774925031311/gldmn20251019_6k.htm?form=6-K,,path=edgar_financials
https://www.sec.gov/Archives/edgar/data/1538847/000143774925030866/gldmn20251007_6k.htm?form=6-K,6-K,Missing OCF,values parsed from EDGAR XBRL: https://www.sec.gov/Archives/edgar/data/1538847/000143774925030866/gldmn20251007_6k.htm?form=6-K,,path=edgar_financials
https://www.sec.gov/Archives/edgar/data/1538847/000143774925029767/gldmn20250923_6k.htm?form=6-K,6-K,Missing OCF,values parsed from EDGAR XBRL: https://www.sec.gov/Archives/edgar/data/1538847/000143774925029767/gldmn20250923_6k.htm?form=6-K,,path=edgar_financials
https://www.sec.gov/Archives/edgar/data/1538847/000143774925027895/gldmn20250827_6k.htm?form=6-K,6-K,Missing OCF,values parsed from EDGAR XBRL: https://www.sec.gov/Archives/edgar/data/1538847/000143774925027895/gldmn20250827_6k.htm?form=6-K,,path=edgar_financials
https://www.sec.gov/Archives/edgar/data/1538847/000143774925027695/gldmn20250825_6k.htm?form=6-K,6-K,Missing OCF,values parsed from EDGAR XBRL: https://www.sec.gov/Archives/edgar/data/1538847/000143774925027695/gldmn20250825_6k.htm?form=6-K,,path=edgar_financials
https://www.sec.gov/Archives/edgar/data/1538847/000143774925027409/gldmn20250819_6k.htm?form=6-K,6-K,Missing OCF,values parsed from EDGAR XBRL: https://www.sec.gov/Archives/edgar/data/1538847/000143774925027409/gldmn20250819_6k.htm?form=6-K,,path=edgar_financials
https://www.sec.gov/Archives/edgar/data/1538847/000143774925023721/gldmn20250729_6k.htm?form=6-K,6-K,Missing OCF,values parsed from EDGAR XBRL: https://www.sec.gov/Archives/edgar/data/1538847/000143774925023721/gldmn20250729_6k.htm?form=6-K,,path=edgar_financials
https://www.sec.gov/Archives/edgar/data/1538847/000143774925023045/gldmn20250721_6k.htm?form=6-K,6-K,Missing OCF,values parsed from EDGAR XBRL: https://www.sec.gov/Archives/edgar/data/1538847/000143774925023045/gldmn20250721_6k.htm?form=6-K,,path=edgar_financials
https://www.sec.gov/Archives/edgar/data/1538847/000143774925022672/gldmn20250709_6k.htm?form=6-K,6-K,Missing OCF,values parsed from EDGAR XBRL: https://www.sec.gov/Archives/edgar/data/1538847/000143774925022672/gldmn20250709_6k.htm?form=6-K,,path=edgar_financials
https://www.sec.gov/Archives/edgar/data/1538847/000143774925021851/gldmn20250701_6k.htm?form=6-K,6-K,Missing OCF,values parsed from EDGAR XBRL: https://www.sec.gov/Archives/edgar/data/1538847/000143774925021851/gldmn20250701_6k.htm?form=6-K,,path=edgar_financials
https://www.sec.gov/Archives/edgar/data/1538847/000143774925020582/gldmn20250617_6k.htm?form=6-K,6-K,Missing OCF,values parsed from EDGAR XBRL: https://www.sec.gov/Archives/edgar/data/1538847/000143774925020582/gldmn20250617_6k.htm?form=6-K,,path=edgar_financials
https://www.sec.gov/Archives/edgar/data/1538847/000143774925019886/gldmn20250609_6k.htm?form=6-K,6-K,Missing OCF,values parsed from EDGAR XBRL: https://www.sec.gov/Archives/edgar/data/1538847/000143774925019886/gldmn20250609_6k.htm?form=6-K,,path=edgar_financials
https://www.sec.gov/Archives/edgar/data/1538847/000143774925019763/gldmn20250606_6k.htm?form=6-K,6-K,Missing OCF,values parsed from EDGAR XBRL: https://www.sec.gov/Archives/edgar/data/1538847/000143774925019763/gldmn20250606_6k.htm?form=6-K,,path=edgar_financials
https://www.sec.gov/Archives/edgar/data/1538847/000143774925019216/gldmn20250603_6k.htm?form=6-K,6-K,Missing OCF,values parsed from EDGAR XBRL: https://www.sec.gov/Archives/edgar/data/1538847/000143774925019216/gldmn20250603_6k.htm?form=6-K,,path=edgar_financials
https://www.sec.gov/Archives/edgar/data/2000530/000149315225024905/form6-k.htm?form=6-K,6-K,Missing OCF,values parsed from EDGAR XBRL: https://www.sec.gov/Archives/edgar/data/2000530/000149315225024905/form6-k.htm?form=6-K,,path=edgar_financials
https://www.sec.gov/Archives/edgar/data/2073928/000121390025110004/ea0264984-10q_m3brigade6.htm?form=10-Q,10-Q,Missing OCF,values parsed from EDGAR XBRL: https://www.sec.gov/Archives/edgar/data/2073928/000121390025110004/ea0264984-10q_m3brigade6.htm?form=10-Q,,path=edgar_financials
https://www.sec.gov/Archives/edgar/data/2073928/000121390025097450/ea0259631-10q_m3brigade6.htm?form=10-Q,10-Q,Missing OCF,values parsed from EDGAR XBRL: https://www.sec.gov/Archives/edgar/data/2073928/000121390025097450/ea0259631-10q_m3brigade6.htm?form=10-Q,,path=edgar_financials
https://www.sec.gov/Archives/edgar/data/1708688/000114036125041273/ef20058026_6k.htm?form=6-K,6-K,Missing OCF,values parsed from EDGAR XBRL: https://www.sec.gov/Archives/edgar/data/1708688/000114036125041273/ef20058026_6k.htm?form=6-K,,path=edgar_financials
https://www.sec.gov/Archives/edgar/data/1708688/000114036125041266/ef20058005_6k.htm?form=6-K,6-K,Missing OCF,values parsed from EDGAR XBRL: https://www.sec.gov/Archives/edgar/data/1708688/000114036125041266/ef20058005_6k.htm?form=6-K,,path=edgar_financials
https://www.sec.gov/Archives/edgar/data/1708688/000114036125034839/ef20055418_6k.htm?form=6-K,6-K,Missing OCF,values parsed from EDGAR XBRL: https://www.sec.gov/Archives/edgar/data/1708688/000114036125034839/ef20055418_6k.htm?form=6-K,,path=edgar_financials
https://www.sec.gov/Archives/edgar/data/1506184/000119312525280784/d895636d6k.htm?form=6-K,6-K,Missing OCF,values parsed from EDGAR XBRL: https://www.sec.gov/Archives/edgar/data/1506184/000119312525280784/d895636d6k.htm?form=6-K,,path=edgar_financials
https://www.sec.gov/Archives/edgar/data/1506184/000119312525262971/d65923d6k.htm?form=6-K,6-K,Missing OCF,values parsed from EDGAR XBRL: https://www.sec.gov/Archives/edgar/data/1506184/000119312525262971/d65923d6k.htm?form=6-K,,path=edgar_financials
https://www.sec.gov/Archives/edgar/data/1506184/000119312525257286/d25202d6k.htm?form=6-K,6-K,Missing OCF,values parsed from EDGAR XBRL: https://www.sec.gov/Archives/edgar/data/1506184/000119312525257286/d25202d6k.htm?form=6-K,,path=edgar_financials
https://www.sec.gov/Archives/edgar/data/1506184/000119312525249346/d33851d20f.htm?form=20-F,20-F,Missing OCF,values parsed from EDGAR XBRL: https://www.sec.gov/Archives/edgar/data/1506184/000119312525249346/d33851d20f.htm?form=20-F,,path=edgar_financials
https://www.sec.gov/Archives/edgar/data/1506184/000119312525245272/d62500d6k.htm?form=6-K,6-K,Missing OCF,values parsed from EDGAR XBRL: https://www.sec.gov/Archives/edgar/data/1506184/000119312525245272/d62500d6k.htm?form=6-K,,path=edgar_financials
https://www.sec.gov/Archives/edgar/data/1506184/000119312525243950/d62294d6k.htm?form=6-K,6-K,Missing OCF,values parsed from EDGAR XBRL: https://www.sec.gov/Archives/edgar/data/1506184/000119312525243950/d62294d6k.htm?form=6-K,,path=edgar_financials
https://www.sec.gov/Archives/edgar/data/1506184/000119312525237841/d94471d6k.htm?form=6-K,6-K,Missing OCF,values parsed from EDGAR XBRL: https://www.sec.gov/Archives/edgar/data/1506184/000119312525237841/d94471d6k.htm?form=6-K,,path=edgar_financials
https://www.sec.gov/Archives/edgar/data/1506184/000119312525236083/d62582d6k.htm?form=6-K,6-K,Missing OCF,values parsed from EDGAR XBRL: https://www.sec.gov/Archives/edgar/data/1506184/000119312525236083/d62582d6k.htm?form=6-K,,path=edgar_financials
https://www.sec.gov/Archives/edgar/data/1506184/000119312525211928/d76406d6k.htm?form=6-K,6-K,Missing OCF,values parsed from EDGAR XBRL: https://www.sec.gov/Archives/edgar/data/1506184/000119312525211928/d76406d6k.htm?form=6-K,,path=edgar_financials
https://www.sec.gov/Archives/edgar/data/1506184/000119312525194201/d85672d6k.htm?form=6-K,6-K,Missing OCF,values parsed from EDGAR XBRL: https://www.sec.gov/Archives/edgar/data/1506184/000119312525194201/d85672d6k.htm?form=6-K,,path=edgar_financials
https://www.sec.gov/Archives/edgar/data/1506184/000119312525174644/d27591d6k.htm?form=6-K,6-K,Missing OCF,values parsed from EDGAR XBRL: https://www.sec.gov/Archives/edgar/data/1506184/000119312525174644/d27591d6k.htm?form=6-K,,path=edgar_financials
https://www.sec.gov/Archives/edgar/data/1506184/000119312525169631/d25896d6k.htm?form=6-K,6-K,Missing OCF,values parsed from EDGAR XBRL: https://www.sec.gov/Archives/edgar/data/1506184/000119312525169631/d25896d6k.htm?form=6-K,,path=edgar_financials
https://www.sec.gov/Archives/edgar/data/1506184/000119312525144871/d912008d6k.htm?form=6-K,6-K,Missing OCF,values parsed from EDGAR XBRL: https://www.sec.gov/Archives/edgar/data/1506184/000119312525144871/d912008d6k.htm?form=6-K,,path=edgar_financials
https://www.sec.gov/Archives/edgar/data/2043508/000147793225008266/lake_10q.htm?form=10-Q,10-Q,Incomplete,values parsed from EDGAR XBRL: https://www.sec.gov/Archives/edgar/data/2043508/000147793225008266/lake_10q.htm?form=10-Q,,path=edgar_financials
https://www.sec.gov/Archives/edgar/data/1997711/000199771125000141/coverpage6-ka_q32025.htm?form=6-K,6-K,Missing OCF,values parsed from EDGAR XBRL: https://www.sec.gov/Archives/edgar/data/1997711/000199771125000141/coverpage6-ka_q32025.htm?form=6-K,,path=edgar_financials
https://www.sec.gov/Archives/edgar/data/1997711/000199771125000138/coverpage6-k_q32025.htm?form=6-K,6-K,Missing OCF,values parsed from EDGAR XBRL: https://www.sec.gov/Archives/edgar/data/1997711/000199771125000138/coverpage6-k_q32025.htm?form=6-K,,path=edgar_financials
https://www.sec.gov/Archives/edgar/data/1997711/000199771125000137/coverpage6-k_q32025.htm?form=6-K,6-K,Missing OCF,values parsed from EDGAR XBRL: https://www.sec.gov/Archives/edgar/data/1997711/000199771125000137/coverpage6-k_q32025.htm?form=6-K,,path=edgar_financials
https://www.sec.gov/Archives/edgar/data/1997711/000199771125000094/coverpage6-k_q22025.htm?form=6-K,6-K,Missing OCF,values parsed from EDGAR XBRL: https://www.sec.gov/Archives/edgar/data/1997711/000199771125000094/coverpage6-k_q22025.htm?form=6-K,,path=edgar_financials
https://www.sec.gov/Archives/edgar/data/1997711/000199771125000092/coverpage6-k_q22025.htm?form=6-K,6-K,Missing OCF,values parsed from EDGAR XBRL: https://www.sec.gov/Archives/edgar/data/1997711/000199771125000092/coverpage6-k_q22025.htm?form=6-K,,path=edgar_financials
https://www.sec.gov/Archives/edgar/data/1997711/000164117225002932/form20-fa.htm?form=20-F,20-F,Missing OCF,values parsed from EDGAR XBRL: https://www.sec.gov/Archives/edgar/data/1997711/000164117225002932/form20-fa.htm?form=20-F,,path=edgar_financials
https://www.sec.gov/Archives/edgar/data/2073928/000121390025110004/ea0264984-10q_m3brigade6.htm?form=10-Q,10-Q,Missing OCF,values parsed from EDGAR XBRL: https://www.sec.gov/Archives/edgar/data/2073928/000121390025110004/ea0264984-10q_m3brigade6.htm?form=10-Q,,path=edgar_financials
https://www.sec.gov/Archives/edgar/data/2073928/000121390025097450/ea0259631-10q_m3brigade6.htm?form=10-Q,10-Q,Missing OCF,values parsed from EDGAR XBRL: https://www.sec.gov/Archives/edgar/data/2073928/000121390025097450/ea0259631-10q_m3brigade6.htm?form=10-Q,,path=edgar_financials
https://www.sec.gov/Archives/edgar/data/1620737/000162828025053953/form6-kxnovember252025.htm?form=6-K,6-K,Missing OCF,values parsed from EDGAR XBRL: https://www.sec.gov/Archives/edgar/data/1620737/000162828025053953/form6-kxnovember252025.htm?form=6-K,,path=edgar_financials
https://www.sec.gov/Archives/edgar/data/1620737/000162828025047070/form6-kxoctober292025.htm?form=6-K,6-K,Missing OCF,values parsed from EDGAR XBRL: https://www.sec.gov/Archives/edgar/data/1620737/000162828025047070/form6-kxoctober292025.htm?form=6-K,,path=edgar_financials
https://www.sec.gov/Archives/edgar/data/1620737/000162828025045674/form6-kxoctober212025.htm?form=6-K,6-K,Missing OCF,values parsed from EDGAR XBRL: https://www.sec.gov/Archives/edgar/data/1620737/000162828025045674/form6-kxoctober212025.htm?form=6-K,,path=edgar_financials
https://www.sec.gov/Archives/edgar/data/1620737/000162828025044673/form6-kxoctober92025.htm?form=6-K,6-K,Missing OCF,values parsed from EDGAR XBRL: https://www.sec.gov/Archives/edgar/data/1620737/000162828025044673/form6-kxoctober92025.htm?form=6-K,,path=edgar_financials
https://www.sec.gov/Archives/edgar/data/1620737/000162828025041464/form6-kxseptember22025.htm?form=6-K,6-K,Missing OCF,values parsed from EDGAR XBRL: https://www.sec.gov/Archives/edgar/data/1620737/000162828025041464/form6-kxseptember22025.htm?form=6-K,,path=edgar_financials
https://www.sec.gov/Archives/edgar/data/1620737/000162828025040003/a9form6-kxaugust132025.htm?form=6-K,6-K,Missing OCF,values parsed from EDGAR XBRL: https://www.sec.gov/Archives/edgar/data/1620737/000162828025040003/a9form6-kxaugust132025.htm?form=6-K,,path=edgar_financials
https://www.sec.gov/Archives/edgar/data/1620737/000162828025037183/form6-kxaugust12025.htm?form=6-K,6-K,Missing OCF,values parsed from EDGAR XBRL: https://www.sec.gov/Archives/edgar/data/1620737/000162828025037183/form6-kxaugust12025.htm?form=6-K,,path=edgar_financials
https://www.sec.gov/Archives/edgar/data/1620737/000162828025034470/form6-kxjuly82025.htm?form=6-K,6-K,Missing OCF,values parsed from EDGAR XBRL: https://www.sec.gov/Archives/edgar/data/1620737/000162828025034470/form6-kxjuly82025.htm?form=6-K,,path=edgar_financials
https://www.sec.gov/Archives/edgar/data/1620737/000162828025029252/form6-kxjune42025.htm?form=6-K,6-K,Missing OCF,values parsed from EDGAR XBRL: https://www.sec.gov/Archives/edgar/data/1620737/000162828025029252/form6-kxjune42025.htm?form=6-K,,path=edgar_financials
https://www.sec.gov/Archives/edgar/data/1620737/000106299324020994/form40fa.htm?form=40-F,40-F,Missing OCF,values parsed from EDGAR XBRL: https://www.sec.gov/Archives/edgar/data/1620737/000106299324020994/form40fa.htm?form=40-F,,path=edgar_financials
https://www.sec.gov/Archives/edgar/data/1795091/000121390025110829/ea0265250-10q_ostherap.htm?form=10-Q,10-Q,Incomplete,values parsed from EDGAR XBRL: https://www.sec.gov/Archives/edgar/data/1795091/000121390025110829/ea0265250-10q_ostherap.htm?form=10-Q,,path=edgar_financials
https://www.sec.gov/Archives/edgar/data/2051380/000121390025076683/ea0252145-10q_grabagun.htm?form=10-Q,10-Q,Missing OCF,values parsed from EDGAR XBRL: https://www.sec.gov/Archives/edgar/data/2051380/000121390025076683/ea0252145-10q_grabagun.htm?form=10-Q,,path=edgar_financials
https://www.sec.gov/Archives/edgar/data/1095052/000106299325017053/form40f.htm?form=40-F,40-F,Missing OCF,values parsed from EDGAR XBRL: https://www.sec.gov/Archives/edgar/data/1095052/000106299325017053/form40f.htm?form=40-F,,path=edgar_financials
https://www.sec.gov/Archives/edgar/data/1095052/000106299325017052/form6k.htm?form=6-K,6-K,Missing OCF,values parsed from EDGAR XBRL: https://www.sec.gov/Archives/edgar/data/1095052/000106299325017052/form6k.htm?form=6-K,,path=edgar_financials
https://www.sec.gov/Archives/edgar/data/1095052/000106299325012749/form6k.htm?form=6-K,6-K,Missing OCF,values parsed from EDGAR XBRL: https://www.sec.gov/Archives/edgar/data/1095052/000106299325012749/form6k.htm?form=6-K,,path=edgar_financials
https://www.sec.gov/Archives/edgar/data/1095052/000106299324019757/form40f.htm?form=40-F,40-F,Missing OCF,values parsed from EDGAR XBRL: https://www.sec.gov/Archives/edgar/data/1095052/000106299324019757/form40f.htm?form=40-F,,path=edgar_financials
https://www.sec.gov/Archives/edgar/data/1916241/000121390025114121/ea0266918-6k_parazero.htm?form=6-K,6-K,Missing OCF,values parsed from EDGAR XBRL: https://www.sec.gov/Archives/edgar/data/1916241/000121390025114121/ea0266918-6k_parazero.htm?form=6-K,,path=edgar_financials
https://www.sec.gov/Archives/edgar/data/1916241/000121390025111744/ea0266149-6k_parazero.htm?form=6-K,6-K,Missing OCF,values parsed from EDGAR XBRL: https://www.sec.gov/Archives/edgar/data/1916241/000121390025111744/ea0266149-6k_parazero.htm?form=6-K,,path=edgar_financials
https://www.sec.gov/Archives/edgar/data/1916241/000121390025104684/ea0263210-6k_parazero.htm?form=6-K,6-K,Missing OCF,values parsed from EDGAR XBRL: https://www.sec.gov/Archives/edgar/data/1916241/000121390025104684/ea0263210-6k_parazero.htm?form=6-K,,path=edgar_financials
https://www.sec.gov/Archives/edgar/data/1916241/000121390025101901/ea0262419-6k_parazero.htm?form=6-K,6-K,Missing OCF,values parsed from EDGAR XBRL: https://www.sec.gov/Archives/edgar/data/1916241/000121390025101901/ea0262419-6k_parazero.htm?form=6-K,,path=edgar_financials
https://www.sec.gov/Archives/edgar/data/1916241/000121390025100982/ea0262090-6k_parazero.htm?form=6-K,6-K,Missing OCF,values parsed from EDGAR XBRL: https://www.sec.gov/Archives/edgar/data/1916241/000121390025100982/ea0262090-6k_parazero.htm?form=6-K,,path=edgar_financials
https://www.sec.gov/Archives/edgar/data/1916241/000121390025087624/ea0257356-6k_parazero.htm?form=6-K,6-K,Missing OCF,values parsed from EDGAR XBRL: https://www.sec.gov/Archives/edgar/data/1916241/000121390025087624/ea0257356-6k_parazero.htm?form=6-K,,path=edgar_financials
https://www.sec.gov/Archives/edgar/data/1916241/000121390025086125/ea0256642-6k_parazero.htm?form=6-K,6-K,Missing OCF,values parsed from EDGAR XBRL: https://www.sec.gov/Archives/edgar/data/1916241/000121390025086125/ea0256642-6k_parazero.htm?form=6-K,,path=edgar_financials
https://www.sec.gov/Archives/edgar/data/1916241/000121390025084487/ea0256018-6k_parazero.htm?form=6-K,6-K,Missing OCF,values parsed from EDGAR XBRL: https://www.sec.gov/Archives/edgar/data/1916241/000121390025084487/ea0256018-6k_parazero.htm?form=6-K,,path=edgar_financials
https://www.sec.gov/Archives/edgar/data/1481241/000114036125041177/ef20058533_6k.htm?form=6-K,6-K,Missing OCF,values parsed from EDGAR XBRL: https://www.sec.gov/Archives/edgar/data/1481241/000114036125041177/ef20058533_6k.htm?form=6-K,,path=edgar_financials
https://www.sec.gov/Archives/edgar/data/1481241/000114036125040350/ef20058187_6k.htm?form=6-K,6-K,Missing OCF,values parsed from EDGAR XBRL: https://www.sec.gov/Archives/edgar/data/1481241/000114036125040350/ef20058187_6k.htm?form=6-K,,path=edgar_financials
https://www.sec.gov/Archives/edgar/data/1481241/000114036125037797/ef20056876_6k.htm?form=6-K,6-K,Missing OCF,values parsed from EDGAR XBRL: https://www.sec.gov/Archives/edgar/data/1481241/000114036125037797/ef20056876_6k.htm?form=6-K,,path=edgar_financials
https://www.sec.gov/Archives/edgar/data/1481241/000114036125033658/ef20055027_6k.htm?form=6-K,6-K,Missing OCF,values parsed from EDGAR XBRL: https://www.sec.gov/Archives/edgar/data/1481241/000114036125033658/ef20055027_6k.htm?form=6-K,,path=edgar_financials
https://www.sec.gov/Archives/edgar/data/1481241/000114036125031754/ef20054141_6k.htm?form=6-K,6-K,Missing OCF,values parsed from EDGAR XBRL: https://www.sec.gov/Archives/edgar/data/1481241/000114036125031754/ef20054141_6k.htm?form=6-K,,path=edgar_financials
https://www.sec.gov/Archives/edgar/data/1481241/000114036125029870/ef20053581_6k.htm?form=6-K,6-K,Missing OCF,values parsed from EDGAR XBRL: https://www.sec.gov/Archives/edgar/data/1481241/000114036125029870/ef20053581_6k.htm?form=6-K,,path=edgar_financials
https://www.sec.gov/Archives/edgar/data/1481241/000114036125028833/ef20053249_6k.htm?form=6-K,6-K,Missing OCF,values parsed from EDGAR XBRL: https://www.sec.gov/Archives/edgar/data/1481241/000114036125028833/ef20053249_6k.htm?form=6-K,,path=edgar_financials
https://www.sec.gov/Archives/edgar/data/1383395/000138339525000116/form6-kq3x2025.htm?form=6-K,6-K,Missing OCF,values parsed from EDGAR XBRL: https://www.sec.gov/Archives/edgar/data/1383395/000138339525000116/form6-kq3x2025.htm?form=6-K,,path=edgar_financials
https://www.sec.gov/Archives/edgar/data/1383395/000138339525000114/form6ka-2025xnovemberxrede.htm?form=6-K,6-K,Missing OCF,values parsed from EDGAR XBRL: https://www.sec.gov/Archives/edgar/data/1383395/000138339525000114/form6ka-2025xnovemberxrede.htm?form=6-K,,path=edgar_financials
https://www.sec.gov/Archives/edgar/data/1383395/000138339525000112/form6k-2025xnovemberxredem.htm?form=6-K,6-K,Missing OCF,values parsed from EDGAR XBRL: https://www.sec.gov/Archives/edgar/data/1383395/000138339525000112/form6k-2025xnovemberxredem.htm?form=6-K,,path=edgar_financials
https://www.sec.gov/Archives/edgar/data/1383395/000138339525000107/form6k-2025xoctoberxextens.htm?form=6-K,6-K,Missing OCF,values parsed from EDGAR XBRL: https://www.sec.gov/Archives/edgar/data/1383395/000138339525000107/form6k-2025xoctoberxextens.htm?form=6-K,,path=edgar_financials
https://www.sec.gov/Archives/edgar/data/1383395/000138339525000105/form6k-2025xseptemberxprog.htm?form=6-K,6-K,Missing OCF,values parsed from EDGAR XBRL: https://www.sec.gov/Archives/edgar/data/1383395/000138339525000105/form6k-2025xseptemberxprog.htm?form=6-K,,path=edgar_financials
https://www.sec.gov/Archives/edgar/data/1383395/000138339525000102/form6k-2025xseptemberxinsi.htm?form=6-K,6-K,Missing OCF,values parsed from EDGAR XBRL: https://www.sec.gov/Archives/edgar/data/1383395/000138339525000102/form6k-2025xseptemberxinsi.htm?form=6-K,,path=edgar_financials
https://www.sec.gov/Archives/edgar/data/1383395/000138339525000098/form6k-2025xseptemberxadsr.htm?form=6-K,6-K,Missing OCF,values parsed from EDGAR XBRL: https://www.sec.gov/Archives/edgar/data/1383395/000138339525000098/form6k-2025xseptemberxadsr.htm?form=6-K,,path=edgar_financials
https://www.sec.gov/Archives/edgar/data/1383395/000138339525000080/form6-kq2x2025.htm?form=6-K,6-K,Missing OCF,values parsed from EDGAR XBRL: https://www.sec.gov/Archives/edgar/data/1383395/000138339525000080/form6-kq2x2025.htm?form=6-K,,path=edgar_financials
https://www.sec.gov/Archives/edgar/data/1383395/000138339525000060/form6k-2025xjulyxrisksrela.htm?form=6-K,6-K,Missing OCF,values parsed from EDGAR XBRL: https://www.sec.gov/Archives/edgar/data/1383395/000138339525000060/form6k-2025xjulyxrisksrela.htm?form=6-K,,path=edgar_financials
https://www.sec.gov/Archives/edgar/data/1383395/000138339525000057/form6k-2025xjulyclosingofb.htm?form=6-K,6-K,Missing OCF,values parsed from EDGAR XBRL: https://www.sec.gov/Archives/edgar/data/1383395/000138339525000057/form6k-2025xjulyclosingofb.htm?form=6-K,,path=edgar_financials
https://www.sec.gov/Archives/edgar/data/1383395/000138339525000051/form6k-2025xjunexdealdeck.htm?form=6-K,6-K,Missing OCF,values parsed from EDGAR XBRL: https://www.sec.gov/Archives/edgar/data/1383395/000138339525000051/form6k-2025xjunexdealdeck.htm?form=6-K,,path=edgar_financials
https://www.sec.gov/Archives/edgar/data/1383395/000138339525000048/form6k-resultofgeneralmeet.htm?form=6-K,6-K,Missing OCF,values parsed from EDGAR XBRL: https://www.sec.gov/Archives/edgar/data/1383395/000138339525000048/form6k-resultofgeneralmeet.htm?form=6-K,,path=edgar_financials
https://www.sec.gov/Archives/edgar/data/1383395/000138339525000046/form6ka-2025xjunexamendmen.htm?form=6-K,6-K,Missing OCF,values parsed from EDGAR XBRL: https://www.sec.gov/Archives/edgar/data/1383395/000138339525000046/form6ka-2025xjunexamendmen.htm?form=6-K,,path=edgar_financials
https://www.sec.gov/Archives/edgar/data/1383395/000138339525000043/form6k-2025xjunexdealclosi.htm?form=6-K,6-K,Missing OCF,values parsed from EDGAR XBRL: https://www.sec.gov/Archives/edgar/data/1383395/000138339525000043/form6k-2025xjunexdealclosi.htm?form=6-K,,path=edgar_financials
https://www.sec.gov/Archives/edgar/data/1383395/000138339525000039/form6k-2025xjunenysecompli.htm?form=6-K,6-K,Missing OCF,values parsed from EDGAR XBRL: https://www.sec.gov/Archives/edgar/data/1383395/000138339525000039/form6k-2025xjunenysecompli.htm?form=6-K,,path=edgar_financials
https://www.sec.gov/Archives/edgar/data/1383395/000138339525000037/form6k-2025xjunexstrategic.htm?form=6-K,6-K,Missing OCF,values parsed from EDGAR XBRL: https://www.sec.gov/Archives/edgar/data/1383395/000138339525000037/form6k-2025xjunexstrategic.htm?form=6-K,,path=edgar_financials
https://www.sec.gov/Archives/edgar/data/1383395/000138339525000031/form6k-generalmeetingjune2.htm?form=6-K,6-K,Missing OCF,values parsed from EDGAR XBRL: https://www.sec.gov/Archives/edgar/data/1383395/000138339525000031/form6k-generalmeetingjune2.htm?form=6-K,,path=edgar_financials
https://www.sec.gov/Archives/edgar/data/1775194/000147793225008025/upxi_10q.htm?form=10-Q,10-Q,Incomplete,values parsed from EDGAR XBRL: https://www.sec.gov/Archives/edgar/data/1775194/000147793225008025/upxi_10q.htm?form=10-Q,,path=edgar_financials
https://www.sec.gov/Archives/edgar/data/1775194/000147793225006996/upxi_10k.htm?form=10-K,10-K,OCF positive (self-funding),values parsed from EDGAR XBRL: https://www.sec.gov/Archives/edgar/data/1775194/000147793225006996/upxi_10k.htm?form=10-K,,path=edgar_financials
https://www.sec.gov/Archives/edgar/data/1775194/000147793225002895/upxi_10ka.htm?form=10-K,10-K,Missing OCF,values parsed from EDGAR XBRL: https://www.sec.gov/Archives/edgar/data/1775194/000147793225002895/upxi_10ka.htm?form=10-K,,path=edgar_financials
https://www.sec.gov/Archives/edgar/data/1775194/000147793224008123/upxi_10k.htm?form=10-K,10-K,OCF positive (self-funding),values parsed from EDGAR XBRL: https://www.sec.gov/Archives/edgar/data/1775194/000147793224008123/upxi_10k.htm?form=10-K,,path=edgar_financials
https://www.sec.gov/Archives/edgar/data/1823986/000110465925087282/tm2524976d1_6k.htm?form=6-K,6-K,Missing OCF,values parsed from EDGAR XBRL: https://www.sec.gov/Archives/edgar/data/1823986/000110465925087282/tm2524976d1_6k.htm?form=6-K,,path=edgar_financials
https://www.sec.gov/Archives/edgar/data/1823986/000110465925056664/tm2517246d1_6k.htm?form=6-K,6-K,Missing OCF,values parsed from EDGAR XBRL: https://www.sec.gov/Archives/edgar/data/1823986/000110465925056664/tm2517246d1_6k.htm?form=6-K,,path=edgar_financials
https://www.sec.gov/Archives/edgar/data/1725033/000110465925114648/tm2531559d1_6k.htm?form=6-K,6-K,Missing OCF,values parsed from EDGAR XBRL: https://www.sec.gov/Archives/edgar/data/1725033/000110465925114648/tm2531559d1_6k.htm?form=6-K,,path=edgar_financials
https://www.sec.gov/Archives/edgar/data/1725033/000110465925113377/tm2531003d1_6k.htm?form=6-K,6-K,Missing OCF,values parsed from EDGAR XBRL: https://www.sec.gov/Archives/edgar/data/1725033/000110465925113377/tm2531003d1_6k.htm?form=6-K,,path=edgar_financials
https://www.sec.gov/Archives/edgar/data/1725033/000110465925093879/tm2526957d1_6k.htm?form=6-K,6-K,Missing OCF,values parsed from EDGAR XBRL: https://www.sec.gov/Archives/edgar/data/1725033/000110465925093879/tm2526957d1_6k.htm?form=6-K,,path=edgar_financials
https://www.sec.gov/Archives/edgar/data/1725033/000110465925079858/tm2523386d1_6k.htm?form=6-K,6-K,Missing OCF,values parsed from EDGAR XBRL: https://www.sec.gov/Archives/edgar/data/1725033/000110465925079858/tm2523386d1_6k.htm?form=6-K,,path=edgar_financials
