timestamp,module,message
2025-11-22T20:34:18.706998+00:00,run_weekly,locked (already running)
2025-11-22T20:34:57.314418+00:00,run_weekly,locked (already running)
2025-11-22T20:35:06.168180+00:00,run_weekly,locked (already running)
2025-11-22T20:35:30.806238+00:00,run_weekly,locked (already running)
2025-11-22T20:35:32.956958+00:00,run_weekly,locked (already running)
2025-11-22T20:35:33.649030+00:00,run_weekly,locked (already running)
2025-11-22T20:35:34.133612+00:00,run_weekly,locked (already running)
2025-11-22T20:35:34.795013+00:00,run_weekly,locked (already running)
2025-11-22T20:35:35.364412+00:00,run_weekly,locked (already running)
2025-11-22T20:35:51.438116+00:00,run_weekly,locked (already running)
