2025-11-04T21:44:02.135468+00:00,OK,DeepResearch complete -> 03_deep_research_results.csv
2025-11-04T21:56:55.770426+00:00,OK,Runway extraction complete -> ./data\04_runway_extract_results.csv
2025-11-04T21:56:58.027953+00:00,OK,dr_populate complete -> ./data\05_dr_populate_results.csv
2025-11-04T21:56:58.097832+00:00,INFO,build_watchlist: reading 05_dr_populate_results.csv
2025-11-04T21:56:58.161089+00:00,INFO,build_watchlist: loaded market data from 01_hydrated_candidates.csv
2025-11-04T23:29:12.425216+00:00,OK,DeepResearch complete -> 03_deep_research_results.csv
2025-11-04T23:43:39.096747+00:00,OK,Runway extraction complete -> ./data\04_runway_extract_results.csv
2025-11-05T00:04:31.995567+00:00,OK,Runway extraction complete -> ./data\04_runway_extract_results.csv
2025-11-05T00:04:33.459356+00:00,OK,dr_populate complete -> ./data\05_dr_populate_results.csv
2025-11-05T00:04:33.526094+00:00,INFO,build_watchlist: reading 05_dr_populate_results.csv
2025-11-05T00:04:33.585081+00:00,INFO,build_watchlist: loaded market data from 01_hydrated_candidates.csv
2025-11-05T00:52:39.123217+00:00,OK,Runway extraction complete -> ./data\04_runway_extract_results.csv
2025-11-05T01:08:00.893647+00:00,OK,DeepResearch complete -> 03_deep_research_results.csv
2025-11-05T01:09:37.514263+00:00,CANCEL,Runway extraction cancelled -> ./data\04_runway_extract_results.csv (28 rows written)
2025-11-05T12:48:07.091850+00:00,OK,DeepResearch complete -> 03_deep_research_results.csv
2025-11-05T12:51:24.044457+00:00,CANCEL,Runway extraction cancelled -> ./data\04_runway_extract_results.csv (26 rows written)
2025-11-05T15:24:34.871356+00:00,OK,DeepResearch complete -> 03_deep_research_results.csv
2025-11-05T16:31:00.456732+00:00,OK,Runway extraction complete -> ./data\04_runway_extract_results.csv
2025-11-05T16:31:03.059144+00:00,OK,dr_populate complete -> ./data\05_dr_populate_results.csv
2025-11-05T16:31:03.153279+00:00,INFO,build_watchlist: reading 05_dr_populate_results.csv
2025-11-05T16:31:03.257966+00:00,INFO,build_watchlist: loaded market data from 01_hydrated_candidates.csv
2025-11-13T16:28:35.526929+00:00,INFO,build_watchlist: reading 05_dr_populate_results.csv
2025-11-13T16:28:35.606078+00:00,INFO,build_watchlist: loaded market data from 01_hydrated_candidates.csv
2025-11-13T16:28:35.734418+00:00,INFO,build_watchlist: loaded market data from prices.csv
2025-11-13T16:28:35.841750+00:00,INFO,build_watchlist: processing row 1 of 1
2025-11-13T16:28:35.845426+00:00,WARN,Dropped: Catalyst evidence missing (AISP)
2025-11-13T16:28:35.845848+00:00,OK,build_watchlist: wrote validated_watchlist.csv with 0 rows
